l2gpstore.dll,70656,3,1056566311,2003-06-25T18:38:31.000Z,imports,msvcrt.dll,??0exception@@QEAA@AEBQEBDH@Z,5cd44e0a77ce01149a2258ca74bbeb04,fc766b86403786a4d21aa17cb2e0a6af531cf418e941efb7ddc578000f54c36c,c:\Windows\WinSxS\amd64_microsoft-windows-l2gpstore_31bf3856ad364e35_10.0.18362.1_none_4c3c249357b1313c\l2gpstore.dll
l2gpstore.dll,70656,3,1056566311,2003-06-25T18:38:31.000Z,imports,msvcrt.dll,??0exception@@QEAA@AEBV0@@Z,5cd44e0a77ce01149a2258ca74bbeb04,fc766b86403786a4d21aa17cb2e0a6af531cf418e941efb7ddc578000f54c36c,c:\Windows\WinSxS\amd64_microsoft-windows-l2gpstore_31bf3856ad364e35_10.0.18362.1_none_4c3c249357b1313c\l2gpstore.dll
l2gpstore.dll,70656,3,1056566311,2003-06-25T18:38:31.000Z,imports,msvcrt.dll,??1exception@@UEAA@XZ,5cd44e0a77ce01149a2258ca74bbeb04,fc766b86403786a4d21aa17cb2e0a6af531cf418e941efb7ddc578000f54c36c,c:\Windows\WinSxS\amd64_microsoft-windows-l2gpstore_31bf3856ad364e35_10.0.18362.1_none_4c3c249357b1313c\l2gpstore.dll
l2gpstore.dll,70656,3,1056566311,2003-06-25T18:38:31.000Z,imports,msvcrt.dll,??1type_info@@UEAA@XZ,5cd44e0a77ce01149a2258ca74bbeb04,fc766b86403786a4d21aa17cb2e0a6af531cf418e941efb7ddc578000f54c36c,c:\Windows\WinSxS\amd64_microsoft-windows-l2gpstore_31bf3856ad364e35_10.0.18362.1_none_4c3c249357b1313c\l2gpstore.dll
l2gpstore.dll,70656,3,1056566311,2003-06-25T18:38:31.000Z,imports,msvcrt.dll,?terminate@@YAXXZ,5cd44e0a77ce01149a2258ca74bbeb04,fc766b86403786a4d21aa17cb2e0a6af531cf418e941efb7ddc578000f54c36c,c:\Windows\WinSxS\amd64_microsoft-windows-l2gpstore_31bf3856ad364e35_10.0.18362.1_none_4c3c249357b1313c\l2gpstore.dll
l2gpstore.dll,70656,3,1056566311,2003-06-25T18:38:31.000Z,imports,msvcrt.dll,?what@exception@@UEBAPEBDXZ,5cd44e0a77ce01149a2258ca74bbeb04,fc766b86403786a4d21aa17cb2e0a6af531cf418e941efb7ddc578000f54c36c,c:\Windows\WinSxS\amd64_microsoft-windows-l2gpstore_31bf3856ad364e35_10.0.18362.1_none_4c3c249357b1313c\l2gpstore.dll
l2gpstore.dll,70656,3,1056566311,2003-06-25T18:38:31.000Z,imports,msvcrt.dll,_CxxThrowException,5cd44e0a77ce01149a2258ca74bbeb04,fc766b86403786a4d21aa17cb2e0a6af531cf418e941efb7ddc578000f54c36c,c:\Windows\WinSxS\amd64_microsoft-windows-l2gpstore_31bf3856ad364e35_10.0.18362.1_none_4c3c249357b1313c\l2gpstore.dll
l2gpstore.dll,70656,3,1056566311,2003-06-25T18:38:31.000Z,imports,msvcrt.dll,_XcptFilter,5cd44e0a77ce01149a2258ca74bbeb04,fc766b86403786a4d21aa17cb2e0a6af531cf418e941efb7ddc578000f54c36c,c:\Windows\WinSxS\amd64_microsoft-windows-l2gpstore_31bf3856ad364e35_10.0.18362.1_none_4c3c249357b1313c\l2gpstore.dll
l2gpstore.dll,70656,3,1056566311,2003-06-25T18:38:31.000Z,imports,msvcrt.dll,__C_specific_handler,5cd44e0a77ce01149a2258ca74bbeb04,fc766b86403786a4d21aa17cb2e0a6af531cf418e941efb7ddc578000f54c36c,c:\Windows\WinSxS\amd64_microsoft-windows-l2gpstore_31bf3856ad364e35_10.0.18362.1_none_4c3c249357b1313c\l2gpstore.dll
l2gpstore.dll,70656,3,1056566311,2003-06-25T18:38:31.000Z,imports,msvcrt.dll,__CxxFrameHandler3,5cd44e0a77ce01149a2258ca74bbeb04,fc766b86403786a4d21aa17cb2e0a6af531cf418e941efb7ddc578000f54c36c,c:\Windows\WinSxS\amd64_microsoft-windows-l2gpstore_31bf3856ad364e35_10.0.18362.1_none_4c3c249357b1313c\l2gpstore.dll
l2gpstore.dll,70656,3,1056566311,2003-06-25T18:38:31.000Z,imports,msvcrt.dll,__dllonexit,5cd44e0a77ce01149a2258ca74bbeb04,fc766b86403786a4d21aa17cb2e0a6af531cf418e941efb7ddc578000f54c36c,c:\Windows\WinSxS\amd64_microsoft-windows-l2gpstore_31bf3856ad364e35_10.0.18362.1_none_4c3c249357b1313c\l2gpstore.dll
l2gpstore.dll,70656,3,1056566311,2003-06-25T18:38:31.000Z,imports,msvcrt.dll,_amsg_exit,5cd44e0a77ce01149a2258ca74bbeb04,fc766b86403786a4d21aa17cb2e0a6af531cf418e941efb7ddc578000f54c36c,c:\Windows\WinSxS\amd64_microsoft-windows-l2gpstore_31bf3856ad364e35_10.0.18362.1_none_4c3c249357b1313c\l2gpstore.dll
l2gpstore.dll,70656,3,1056566311,2003-06-25T18:38:31.000Z,imports,msvcrt.dll,_callnewh,5cd44e0a77ce01149a2258ca74bbeb04,fc766b86403786a4d21aa17cb2e0a6af531cf418e941efb7ddc578000f54c36c,c:\Windows\WinSxS\amd64_microsoft-windows-l2gpstore_31bf3856ad364e35_10.0.18362.1_none_4c3c249357b1313c\l2gpstore.dll
l2gpstore.dll,70656,3,1056566311,2003-06-25T18:38:31.000Z,imports,msvcrt.dll,_gmtime64,5cd44e0a77ce01149a2258ca74bbeb04,fc766b86403786a4d21aa17cb2e0a6af531cf418e941efb7ddc578000f54c36c,c:\Windows\WinSxS\amd64_microsoft-windows-l2gpstore_31bf3856ad364e35_10.0.18362.1_none_4c3c249357b1313c\l2gpstore.dll
l2gpstore.dll,70656,3,1056566311,2003-06-25T18:38:31.000Z,imports,msvcrt.dll,_initterm,5cd44e0a77ce01149a2258ca74bbeb04,fc766b86403786a4d21aa17cb2e0a6af531cf418e941efb7ddc578000f54c36c,c:\Windows\WinSxS\amd64_microsoft-windows-l2gpstore_31bf3856ad364e35_10.0.18362.1_none_4c3c249357b1313c\l2gpstore.dll
l2gpstore.dll,70656,3,1056566311,2003-06-25T18:38:31.000Z,imports,msvcrt.dll,_lock,5cd44e0a77ce01149a2258ca74bbeb04,fc766b86403786a4d21aa17cb2e0a6af531cf418e941efb7ddc578000f54c36c,c:\Windows\WinSxS\amd64_microsoft-windows-l2gpstore_31bf3856ad364e35_10.0.18362.1_none_4c3c249357b1313c\l2gpstore.dll
l2gpstore.dll,70656,3,1056566311,2003-06-25T18:38:31.000Z,imports,msvcrt.dll,_onexit,5cd44e0a77ce01149a2258ca74bbeb04,fc766b86403786a4d21aa17cb2e0a6af531cf418e941efb7ddc578000f54c36c,c:\Windows\WinSxS\amd64_microsoft-windows-l2gpstore_31bf3856ad364e35_10.0.18362.1_none_4c3c249357b1313c\l2gpstore.dll
l2gpstore.dll,70656,3,1056566311,2003-06-25T18:38:31.000Z,imports,msvcrt.dll,_purecall,5cd44e0a77ce01149a2258ca74bbeb04,fc766b86403786a4d21aa17cb2e0a6af531cf418e941efb7ddc578000f54c36c,c:\Windows\WinSxS\amd64_microsoft-windows-l2gpstore_31bf3856ad364e35_10.0.18362.1_none_4c3c249357b1313c\l2gpstore.dll
l2gpstore.dll,70656,3,1056566311,2003-06-25T18:38:31.000Z,imports,msvcrt.dll,_time64,5cd44e0a77ce01149a2258ca74bbeb04,fc766b86403786a4d21aa17cb2e0a6af531cf418e941efb7ddc578000f54c36c,c:\Windows\WinSxS\amd64_microsoft-windows-l2gpstore_31bf3856ad364e35_10.0.18362.1_none_4c3c249357b1313c\l2gpstore.dll
l2gpstore.dll,70656,3,1056566311,2003-06-25T18:38:31.000Z,imports,msvcrt.dll,_unlock,5cd44e0a77ce01149a2258ca74bbeb04,fc766b86403786a4d21aa17cb2e0a6af531cf418e941efb7ddc578000f54c36c,c:\Windows\WinSxS\amd64_microsoft-windows-l2gpstore_31bf3856ad364e35_10.0.18362.1_none_4c3c249357b1313c\l2gpstore.dll
l2gpstore.dll,70656,3,1056566311,2003-06-25T18:38:31.000Z,imports,msvcrt.dll,_wcsicmp,5cd44e0a77ce01149a2258ca74bbeb04,fc766b86403786a4d21aa17cb2e0a6af531cf418e941efb7ddc578000f54c36c,c:\Windows\WinSxS\amd64_microsoft-windows-l2gpstore_31bf3856ad364e35_10.0.18362.1_none_4c3c249357b1313c\l2gpstore.dll
l2gpstore.dll,70656,3,1056566311,2003-06-25T18:38:31.000Z,imports,msvcrt.dll,free,5cd44e0a77ce01149a2258ca74bbeb04,fc766b86403786a4d21aa17cb2e0a6af531cf418e941efb7ddc578000f54c36c,c:\Windows\WinSxS\amd64_microsoft-windows-l2gpstore_31bf3856ad364e35_10.0.18362.1_none_4c3c249357b1313c\l2gpstore.dll
l2gpstore.dll,70656,3,1056566311,2003-06-25T18:38:31.000Z,imports,msvcrt.dll,malloc,5cd44e0a77ce01149a2258ca74bbeb04,fc766b86403786a4d21aa17cb2e0a6af531cf418e941efb7ddc578000f54c36c,c:\Windows\WinSxS\amd64_microsoft-windows-l2gpstore_31bf3856ad364e35_10.0.18362.1_none_4c3c249357b1313c\l2gpstore.dll
l2gpstore.dll,70656,3,1056566311,2003-06-25T18:38:31.000Z,imports,msvcrt.dll,memcpy,5cd44e0a77ce01149a2258ca74bbeb04,fc766b86403786a4d21aa17cb2e0a6af531cf418e941efb7ddc578000f54c36c,c:\Windows\WinSxS\amd64_microsoft-windows-l2gpstore_31bf3856ad364e35_10.0.18362.1_none_4c3c249357b1313c\l2gpstore.dll
l2gpstore.dll,70656,3,1056566311,2003-06-25T18:38:31.000Z,imports,msvcrt.dll,memcpy_s,5cd44e0a77ce01149a2258ca74bbeb04,fc766b86403786a4d21aa17cb2e0a6af531cf418e941efb7ddc578000f54c36c,c:\Windows\WinSxS\amd64_microsoft-windows-l2gpstore_31bf3856ad364e35_10.0.18362.1_none_4c3c249357b1313c\l2gpstore.dll
l2gpstore.dll,70656,3,1056566311,2003-06-25T18:38:31.000Z,imports,msvcrt.dll,memmove_s,5cd44e0a77ce01149a2258ca74bbeb04,fc766b86403786a4d21aa17cb2e0a6af531cf418e941efb7ddc578000f54c36c,c:\Windows\WinSxS\amd64_microsoft-windows-l2gpstore_31bf3856ad364e35_10.0.18362.1_none_4c3c249357b1313c\l2gpstore.dll
l2gpstore.dll,70656,3,1056566311,2003-06-25T18:38:31.000Z,imports,msvcrt.dll,memset,5cd44e0a77ce01149a2258ca74bbeb04,fc766b86403786a4d21aa17cb2e0a6af531cf418e941efb7ddc578000f54c36c,c:\Windows\WinSxS\amd64_microsoft-windows-l2gpstore_31bf3856ad364e35_10.0.18362.1_none_4c3c249357b1313c\l2gpstore.dll
l2gpstore.dll,70656,3,1056566311,2003-06-25T18:38:31.000Z,imports,msvcrt.dll,swprintf_s,5cd44e0a77ce01149a2258ca74bbeb04,fc766b86403786a4d21aa17cb2e0a6af531cf418e941efb7ddc578000f54c36c,c:\Windows\WinSxS\amd64_microsoft-windows-l2gpstore_31bf3856ad364e35_10.0.18362.1_none_4c3c249357b1313c\l2gpstore.dll
l2gpstore.dll,70656,3,1056566311,2003-06-25T18:38:31.000Z,imports,msvcrt.dll,wcscat_s,5cd44e0a77ce01149a2258ca74bbeb04,fc766b86403786a4d21aa17cb2e0a6af531cf418e941efb7ddc578000f54c36c,c:\Windows\WinSxS\amd64_microsoft-windows-l2gpstore_31bf3856ad364e35_10.0.18362.1_none_4c3c249357b1313c\l2gpstore.dll
l2gpstore.dll,70656,3,1056566311,2003-06-25T18:38:31.000Z,imports,msvcrt.dll,wcschr,5cd44e0a77ce01149a2258ca74bbeb04,fc766b86403786a4d21aa17cb2e0a6af531cf418e941efb7ddc578000f54c36c,c:\Windows\WinSxS\amd64_microsoft-windows-l2gpstore_31bf3856ad364e35_10.0.18362.1_none_4c3c249357b1313c\l2gpstore.dll
l2gpstore.dll,70656,3,1056566311,2003-06-25T18:38:31.000Z,imports,msvcrt.dll,wcscpy_s,5cd44e0a77ce01149a2258ca74bbeb04,fc766b86403786a4d21aa17cb2e0a6af531cf418e941efb7ddc578000f54c36c,c:\Windows\WinSxS\amd64_microsoft-windows-l2gpstore_31bf3856ad364e35_10.0.18362.1_none_4c3c249357b1313c\l2gpstore.dll
l2gpstore.dll,70656,3,1056566311,2003-06-25T18:38:31.000Z,imports,msvcrt.dll,wcsncpy_s,5cd44e0a77ce01149a2258ca74bbeb04,fc766b86403786a4d21aa17cb2e0a6af531cf418e941efb7ddc578000f54c36c,c:\Windows\WinSxS\amd64_microsoft-windows-l2gpstore_31bf3856ad364e35_10.0.18362.1_none_4c3c249357b1313c\l2gpstore.dll
l2gpstore.dll,70656,3,1056566311,2003-06-25T18:38:31.000Z,imports,msvcrt.dll,wcsrchr,5cd44e0a77ce01149a2258ca74bbeb04,fc766b86403786a4d21aa17cb2e0a6af531cf418e941efb7ddc578000f54c36c,c:\Windows\WinSxS\amd64_microsoft-windows-l2gpstore_31bf3856ad364e35_10.0.18362.1_none_4c3c249357b1313c\l2gpstore.dll
l2gpstore.dll,70656,3,1056566311,2003-06-25T18:38:31.000Z,imports,msvcrt.dll,wcsstr,5cd44e0a77ce01149a2258ca74bbeb04,fc766b86403786a4d21aa17cb2e0a6af531cf418e941efb7ddc578000f54c36c,c:\Windows\WinSxS\amd64_microsoft-windows-l2gpstore_31bf3856ad364e35_10.0.18362.1_none_4c3c249357b1313c\l2gpstore.dll
l2gpstore.dll,70656,3,1056566311,2003-06-25T18:38:31.000Z,imports,ntdll.dll,EtwGetTraceEnableFlags,5cd44e0a77ce01149a2258ca74bbeb04,fc766b86403786a4d21aa17cb2e0a6af531cf418e941efb7ddc578000f54c36c,c:\Windows\WinSxS\amd64_microsoft-windows-l2gpstore_31bf3856ad364e35_10.0.18362.1_none_4c3c249357b1313c\l2gpstore.dll
l2gpstore.dll,70656,3,1056566311,2003-06-25T18:38:31.000Z,imports,ntdll.dll,EtwGetTraceEnableLevel,5cd44e0a77ce01149a2258ca74bbeb04,fc766b86403786a4d21aa17cb2e0a6af531cf418e941efb7ddc578000f54c36c,c:\Windows\WinSxS\amd64_microsoft-windows-l2gpstore_31bf3856ad364e35_10.0.18362.1_none_4c3c249357b1313c\l2gpstore.dll
l2gpstore.dll,70656,3,1056566311,2003-06-25T18:38:31.000Z,imports,ntdll.dll,EtwGetTraceLoggerHandle,5cd44e0a77ce01149a2258ca74bbeb04,fc766b86403786a4d21aa17cb2e0a6af531cf418e941efb7ddc578000f54c36c,c:\Windows\WinSxS\amd64_microsoft-windows-l2gpstore_31bf3856ad364e35_10.0.18362.1_none_4c3c249357b1313c\l2gpstore.dll
l2gpstore.dll,70656,3,1056566311,2003-06-25T18:38:31.000Z,imports,ntdll.dll,EtwRegisterTraceGuidsW,5cd44e0a77ce01149a2258ca74bbeb04,fc766b86403786a4d21aa17cb2e0a6af531cf418e941efb7ddc578000f54c36c,c:\Windows\WinSxS\amd64_microsoft-windows-l2gpstore_31bf3856ad364e35_10.0.18362.1_none_4c3c249357b1313c\l2gpstore.dll
l2gpstore.dll,70656,3,1056566311,2003-06-25T18:38:31.000Z,imports,ntdll.dll,EtwTraceMessage,5cd44e0a77ce01149a2258ca74bbeb04,fc766b86403786a4d21aa17cb2e0a6af531cf418e941efb7ddc578000f54c36c,c:\Windows\WinSxS\amd64_microsoft-windows-l2gpstore_31bf3856ad364e35_10.0.18362.1_none_4c3c249357b1313c\l2gpstore.dll
l2gpstore.dll,70656,3,1056566311,2003-06-25T18:38:31.000Z,imports,ntdll.dll,EtwUnregisterTraceGuids,5cd44e0a77ce01149a2258ca74bbeb04,fc766b86403786a4d21aa17cb2e0a6af531cf418e941efb7ddc578000f54c36c,c:\Windows\WinSxS\amd64_microsoft-windows-l2gpstore_31bf3856ad364e35_10.0.18362.1_none_4c3c249357b1313c\l2gpstore.dll
l2gpstore.dll,70656,3,1056566311,2003-06-25T18:38:31.000Z,imports,ntdll.dll,RtlCaptureContext,5cd44e0a77ce01149a2258ca74bbeb04,fc766b86403786a4d21aa17cb2e0a6af531cf418e941efb7ddc578000f54c36c,c:\Windows\WinSxS\amd64_microsoft-windows-l2gpstore_31bf3856ad364e35_10.0.18362.1_none_4c3c249357b1313c\l2gpstore.dll
l2gpstore.dll,70656,3,1056566311,2003-06-25T18:38:31.000Z,imports,ntdll.dll,RtlLookupFunctionEntry,5cd44e0a77ce01149a2258ca74bbeb04,fc766b86403786a4d21aa17cb2e0a6af531cf418e941efb7ddc578000f54c36c,c:\Windows\WinSxS\amd64_microsoft-windows-l2gpstore_31bf3856ad364e35_10.0.18362.1_none_4c3c249357b1313c\l2gpstore.dll
l2gpstore.dll,70656,3,1056566311,2003-06-25T18:38:31.000Z,imports,ntdll.dll,RtlVirtualUnwind,5cd44e0a77ce01149a2258ca74bbeb04,fc766b86403786a4d21aa17cb2e0a6af531cf418e941efb7ddc578000f54c36c,c:\Windows\WinSxS\amd64_microsoft-windows-l2gpstore_31bf3856ad364e35_10.0.18362.1_none_4c3c249357b1313c\l2gpstore.dll
l2gpstore.dll,70656,3,1056566311,2003-06-25T18:38:31.000Z,imports,api-ms-win-core-libraryloader-l1-2-0.dll,DisableThreadLibraryCalls,5cd44e0a77ce01149a2258ca74bbeb04,fc766b86403786a4d21aa17cb2e0a6af531cf418e941efb7ddc578000f54c36c,c:\Windows\WinSxS\amd64_microsoft-windows-l2gpstore_31bf3856ad364e35_10.0.18362.1_none_4c3c249357b1313c\l2gpstore.dll
l2gpstore.dll,70656,3,1056566311,2003-06-25T18:38:31.000Z,imports,api-ms-win-core-synch-l1-1-0.dll,CreateMutexW,5cd44e0a77ce01149a2258ca74bbeb04,fc766b86403786a4d21aa17cb2e0a6af531cf418e941efb7ddc578000f54c36c,c:\Windows\WinSxS\amd64_microsoft-windows-l2gpstore_31bf3856ad364e35_10.0.18362.1_none_4c3c249357b1313c\l2gpstore.dll
l2gpstore.dll,70656,3,1056566311,2003-06-25T18:38:31.000Z,imports,api-ms-win-core-synch-l1-1-0.dll,DeleteCriticalSection,5cd44e0a77ce01149a2258ca74bbeb04,fc766b86403786a4d21aa17cb2e0a6af531cf418e941efb7ddc578000f54c36c,c:\Windows\WinSxS\amd64_microsoft-windows-l2gpstore_31bf3856ad364e35_10.0.18362.1_none_4c3c249357b1313c\l2gpstore.dll
l2gpstore.dll,70656,3,1056566311,2003-06-25T18:38:31.000Z,imports,api-ms-win-core-synch-l1-1-0.dll,EnterCriticalSection,5cd44e0a77ce01149a2258ca74bbeb04,fc766b86403786a4d21aa17cb2e0a6af531cf418e941efb7ddc578000f54c36c,c:\Windows\WinSxS\amd64_microsoft-windows-l2gpstore_31bf3856ad364e35_10.0.18362.1_none_4c3c249357b1313c\l2gpstore.dll
l2gpstore.dll,70656,3,1056566311,2003-06-25T18:38:31.000Z,imports,api-ms-win-core-synch-l1-1-0.dll,InitializeCriticalSection,5cd44e0a77ce01149a2258ca74bbeb04,fc766b86403786a4d21aa17cb2e0a6af531cf418e941efb7ddc578000f54c36c,c:\Windows\WinSxS\amd64_microsoft-windows-l2gpstore_31bf3856ad364e35_10.0.18362.1_none_4c3c249357b1313c\l2gpstore.dll
l2gpstore.dll,70656,3,1056566311,2003-06-25T18:38:31.000Z,imports,api-ms-win-core-synch-l1-1-0.dll,LeaveCriticalSection,5cd44e0a77ce01149a2258ca74bbeb04,fc766b86403786a4d21aa17cb2e0a6af531cf418e941efb7ddc578000f54c36c,c:\Windows\WinSxS\amd64_microsoft-windows-l2gpstore_31bf3856ad364e35_10.0.18362.1_none_4c3c249357b1313c\l2gpstore.dll
l2gpstore.dll,70656,3,1056566311,2003-06-25T18:38:31.000Z,imports,api-ms-win-core-synch-l1-1-0.dll,ReleaseMutex,5cd44e0a77ce01149a2258ca74bbeb04,fc766b86403786a4d21aa17cb2e0a6af531cf418e941efb7ddc578000f54c36c,c:\Windows\WinSxS\amd64_microsoft-windows-l2gpstore_31bf3856ad364e35_10.0.18362.1_none_4c3c249357b1313c\l2gpstore.dll
l2gpstore.dll,70656,3,1056566311,2003-06-25T18:38:31.000Z,imports,api-ms-win-core-synch-l1-1-0.dll,WaitForSingleObject,5cd44e0a77ce01149a2258ca74bbeb04,fc766b86403786a4d21aa17cb2e0a6af531cf418e941efb7ddc578000f54c36c,c:\Windows\WinSxS\amd64_microsoft-windows-l2gpstore_31bf3856ad364e35_10.0.18362.1_none_4c3c249357b1313c\l2gpstore.dll
l2gpstore.dll,70656,3,1056566311,2003-06-25T18:38:31.000Z,imports,api-ms-win-core-errorhandling-l1-1-0.dll,GetLastError,5cd44e0a77ce01149a2258ca74bbeb04,fc766b86403786a4d21aa17cb2e0a6af531cf418e941efb7ddc578000f54c36c,c:\Windows\WinSxS\amd64_microsoft-windows-l2gpstore_31bf3856ad364e35_10.0.18362.1_none_4c3c249357b1313c\l2gpstore.dll
l2gpstore.dll,70656,3,1056566311,2003-06-25T18:38:31.000Z,imports,api-ms-win-core-errorhandling-l1-1-0.dll,SetLastError,5cd44e0a77ce01149a2258ca74bbeb04,fc766b86403786a4d21aa17cb2e0a6af531cf418e941efb7ddc578000f54c36c,c:\Windows\WinSxS\amd64_microsoft-windows-l2gpstore_31bf3856ad364e35_10.0.18362.1_none_4c3c249357b1313c\l2gpstore.dll
l2gpstore.dll,70656,3,1056566311,2003-06-25T18:38:31.000Z,imports,api-ms-win-core-errorhandling-l1-1-0.dll,SetUnhandledExceptionFilter,5cd44e0a77ce01149a2258ca74bbeb04,fc766b86403786a4d21aa17cb2e0a6af531cf418e941efb7ddc578000f54c36c,c:\Windows\WinSxS\amd64_microsoft-windows-l2gpstore_31bf3856ad364e35_10.0.18362.1_none_4c3c249357b1313c\l2gpstore.dll
l2gpstore.dll,70656,3,1056566311,2003-06-25T18:38:31.000Z,imports,api-ms-win-core-errorhandling-l1-1-0.dll,UnhandledExceptionFilter,5cd44e0a77ce01149a2258ca74bbeb04,fc766b86403786a4d21aa17cb2e0a6af531cf418e941efb7ddc578000f54c36c,c:\Windows\WinSxS\amd64_microsoft-windows-l2gpstore_31bf3856ad364e35_10.0.18362.1_none_4c3c249357b1313c\l2gpstore.dll
l2gpstore.dll,70656,3,1056566311,2003-06-25T18:38:31.000Z,imports,api-ms-win-core-handle-l1-1-0.dll,CloseHandle,5cd44e0a77ce01149a2258ca74bbeb04,fc766b86403786a4d21aa17cb2e0a6af531cf418e941efb7ddc578000f54c36c,c:\Windows\WinSxS\amd64_microsoft-windows-l2gpstore_31bf3856ad364e35_10.0.18362.1_none_4c3c249357b1313c\l2gpstore.dll
l2gpstore.dll,70656,3,1056566311,2003-06-25T18:38:31.000Z,imports,api-ms-win-core-heap-l1-1-0.dll,GetProcessHeap,5cd44e0a77ce01149a2258ca74bbeb04,fc766b86403786a4d21aa17cb2e0a6af531cf418e941efb7ddc578000f54c36c,c:\Windows\WinSxS\amd64_microsoft-windows-l2gpstore_31bf3856ad364e35_10.0.18362.1_none_4c3c249357b1313c\l2gpstore.dll
l2gpstore.dll,70656,3,1056566311,2003-06-25T18:38:31.000Z,imports,api-ms-win-core-heap-l1-1-0.dll,HeapAlloc,5cd44e0a77ce01149a2258ca74bbeb04,fc766b86403786a4d21aa17cb2e0a6af531cf418e941efb7ddc578000f54c36c,c:\Windows\WinSxS\amd64_microsoft-windows-l2gpstore_31bf3856ad364e35_10.0.18362.1_none_4c3c249357b1313c\l2gpstore.dll
l2gpstore.dll,70656,3,1056566311,2003-06-25T18:38:31.000Z,imports,api-ms-win-core-heap-l1-1-0.dll,HeapDestroy,5cd44e0a77ce01149a2258ca74bbeb04,fc766b86403786a4d21aa17cb2e0a6af531cf418e941efb7ddc578000f54c36c,c:\Windows\WinSxS\amd64_microsoft-windows-l2gpstore_31bf3856ad364e35_10.0.18362.1_none_4c3c249357b1313c\l2gpstore.dll
l2gpstore.dll,70656,3,1056566311,2003-06-25T18:38:31.000Z,imports,api-ms-win-core-heap-l1-1-0.dll,HeapFree,5cd44e0a77ce01149a2258ca74bbeb04,fc766b86403786a4d21aa17cb2e0a6af531cf418e941efb7ddc578000f54c36c,c:\Windows\WinSxS\amd64_microsoft-windows-l2gpstore_31bf3856ad364e35_10.0.18362.1_none_4c3c249357b1313c\l2gpstore.dll
l2gpstore.dll,70656,3,1056566311,2003-06-25T18:38:31.000Z,imports,api-ms-win-core-heap-l1-1-0.dll,HeapReAlloc,5cd44e0a77ce01149a2258ca74bbeb04,fc766b86403786a4d21aa17cb2e0a6af531cf418e941efb7ddc578000f54c36c,c:\Windows\WinSxS\amd64_microsoft-windows-l2gpstore_31bf3856ad364e35_10.0.18362.1_none_4c3c249357b1313c\l2gpstore.dll
l2gpstore.dll,70656,3,1056566311,2003-06-25T18:38:31.000Z,imports,api-ms-win-core-heap-l1-1-0.dll,HeapSize,5cd44e0a77ce01149a2258ca74bbeb04,fc766b86403786a4d21aa17cb2e0a6af531cf418e941efb7ddc578000f54c36c,c:\Windows\WinSxS\amd64_microsoft-windows-l2gpstore_31bf3856ad364e35_10.0.18362.1_none_4c3c249357b1313c\l2gpstore.dll
l2gpstore.dll,70656,3,1056566311,2003-06-25T18:38:31.000Z,imports,api-ms-win-core-synch-l1-2-0.dll,Sleep,5cd44e0a77ce01149a2258ca74bbeb04,fc766b86403786a4d21aa17cb2e0a6af531cf418e941efb7ddc578000f54c36c,c:\Windows\WinSxS\amd64_microsoft-windows-l2gpstore_31bf3856ad364e35_10.0.18362.1_none_4c3c249357b1313c\l2gpstore.dll
l2gpstore.dll,70656,3,1056566311,2003-06-25T18:38:31.000Z,imports,api-ms-win-core-profile-l1-1-0.dll,QueryPerformanceCounter,5cd44e0a77ce01149a2258ca74bbeb04,fc766b86403786a4d21aa17cb2e0a6af531cf418e941efb7ddc578000f54c36c,c:\Windows\WinSxS\amd64_microsoft-windows-l2gpstore_31bf3856ad364e35_10.0.18362.1_none_4c3c249357b1313c\l2gpstore.dll
l2gpstore.dll,70656,3,1056566311,2003-06-25T18:38:31.000Z,imports,api-ms-win-core-processthreads-l1-1-0.dll,GetCurrentProcess,5cd44e0a77ce01149a2258ca74bbeb04,fc766b86403786a4d21aa17cb2e0a6af531cf418e941efb7ddc578000f54c36c,c:\Windows\WinSxS\amd64_microsoft-windows-l2gpstore_31bf3856ad364e35_10.0.18362.1_none_4c3c249357b1313c\l2gpstore.dll
l2gpstore.dll,70656,3,1056566311,2003-06-25T18:38:31.000Z,imports,api-ms-win-core-processthreads-l1-1-0.dll,GetCurrentProcessId,5cd44e0a77ce01149a2258ca74bbeb04,fc766b86403786a4d21aa17cb2e0a6af531cf418e941efb7ddc578000f54c36c,c:\Windows\WinSxS\amd64_microsoft-windows-l2gpstore_31bf3856ad364e35_10.0.18362.1_none_4c3c249357b1313c\l2gpstore.dll
l2gpstore.dll,70656,3,1056566311,2003-06-25T18:38:31.000Z,imports,api-ms-win-core-processthreads-l1-1-0.dll,GetCurrentThreadId,5cd44e0a77ce01149a2258ca74bbeb04,fc766b86403786a4d21aa17cb2e0a6af531cf418e941efb7ddc578000f54c36c,c:\Windows\WinSxS\amd64_microsoft-windows-l2gpstore_31bf3856ad364e35_10.0.18362.1_none_4c3c249357b1313c\l2gpstore.dll
l2gpstore.dll,70656,3,1056566311,2003-06-25T18:38:31.000Z,imports,api-ms-win-core-processthreads-l1-1-0.dll,TerminateProcess,5cd44e0a77ce01149a2258ca74bbeb04,fc766b86403786a4d21aa17cb2e0a6af531cf418e941efb7ddc578000f54c36c,c:\Windows\WinSxS\amd64_microsoft-windows-l2gpstore_31bf3856ad364e35_10.0.18362.1_none_4c3c249357b1313c\l2gpstore.dll
l2gpstore.dll,70656,3,1056566311,2003-06-25T18:38:31.000Z,imports,api-ms-win-core-sysinfo-l1-1-0.dll,GetSystemTimeAsFileTime,5cd44e0a77ce01149a2258ca74bbeb04,fc766b86403786a4d21aa17cb2e0a6af531cf418e941efb7ddc578000f54c36c,c:\Windows\WinSxS\amd64_microsoft-windows-l2gpstore_31bf3856ad364e35_10.0.18362.1_none_4c3c249357b1313c\l2gpstore.dll
l2gpstore.dll,70656,3,1056566311,2003-06-25T18:38:31.000Z,imports,api-ms-win-core-sysinfo-l1-1-0.dll,GetTickCount,5cd44e0a77ce01149a2258ca74bbeb04,fc766b86403786a4d21aa17cb2e0a6af531cf418e941efb7ddc578000f54c36c,c:\Windows\WinSxS\amd64_microsoft-windows-l2gpstore_31bf3856ad364e35_10.0.18362.1_none_4c3c249357b1313c\l2gpstore.dll
l2gpstore.dll,70656,3,1056566311,2003-06-25T18:38:31.000Z,imports,api-ms-win-core-delayload-l1-1-1.dll,ResolveDelayLoadedAPI,5cd44e0a77ce01149a2258ca74bbeb04,fc766b86403786a4d21aa17cb2e0a6af531cf418e941efb7ddc578000f54c36c,c:\Windows\WinSxS\amd64_microsoft-windows-l2gpstore_31bf3856ad364e35_10.0.18362.1_none_4c3c249357b1313c\l2gpstore.dll
l2gpstore.dll,70656,3,1056566311,2003-06-25T18:38:31.000Z,imports,api-ms-win-core-delayload-l1-1-0.dll,DelayLoadFailureHook,5cd44e0a77ce01149a2258ca74bbeb04,fc766b86403786a4d21aa17cb2e0a6af531cf418e941efb7ddc578000f54c36c,c:\Windows\WinSxS\amd64_microsoft-windows-l2gpstore_31bf3856ad364e35_10.0.18362.1_none_4c3c249357b1313c\l2gpstore.dll
l2gpstore.dll,70656,3,1056566311,2003-06-25T18:38:31.000Z,exports,l2gpstore.dll,L2GPPolicyDataDelete,5cd44e0a77ce01149a2258ca74bbeb04,fc766b86403786a4d21aa17cb2e0a6af531cf418e941efb7ddc578000f54c36c,c:\Windows\WinSxS\amd64_microsoft-windows-l2gpstore_31bf3856ad364e35_10.0.18362.1_none_4c3c249357b1313c\l2gpstore.dll
l2gpstore.dll,70656,3,1056566311,2003-06-25T18:38:31.000Z,exports,l2gpstore.dll,L2GPPolicyDataDeleteAll,5cd44e0a77ce01149a2258ca74bbeb04,fc766b86403786a4d21aa17cb2e0a6af531cf418e941efb7ddc578000f54c36c,c:\Windows\WinSxS\amd64_microsoft-windows-l2gpstore_31bf3856ad364e35_10.0.18362.1_none_4c3c249357b1313c\l2gpstore.dll
l2gpstore.dll,70656,3,1056566311,2003-06-25T18:38:31.000Z,exports,l2gpstore.dll,L2GPPolicyDataRead,5cd44e0a77ce01149a2258ca74bbeb04,fc766b86403786a4d21aa17cb2e0a6af531cf418e941efb7ddc578000f54c36c,c:\Windows\WinSxS\amd64_microsoft-windows-l2gpstore_31bf3856ad364e35_10.0.18362.1_none_4c3c249357b1313c\l2gpstore.dll
l2gpstore.dll,70656,3,1056566311,2003-06-25T18:38:31.000Z,exports,l2gpstore.dll,L2GPPolicyDataWrite,5cd44e0a77ce01149a2258ca74bbeb04,fc766b86403786a4d21aa17cb2e0a6af531cf418e941efb7ddc578000f54c36c,c:\Windows\WinSxS\amd64_microsoft-windows-l2gpstore_31bf3856ad364e35_10.0.18362.1_none_4c3c249357b1313c\l2gpstore.dll
l2gpstore.dll,70656,3,1056566311,2003-06-25T18:38:31.000Z,exports,l2gpstore.dll,L2GPPolicyFreeMem,5cd44e0a77ce01149a2258ca74bbeb04,fc766b86403786a4d21aa17cb2e0a6af531cf418e941efb7ddc578000f54c36c,c:\Windows\WinSxS\amd64_microsoft-windows-l2gpstore_31bf3856ad364e35_10.0.18362.1_none_4c3c249357b1313c\l2gpstore.dll
l2gpstore.dll,70656,3,1056566311,2003-06-25T18:38:31.000Z,exports,l2gpstore.dll,L2GPPolicyStoreClose,5cd44e0a77ce01149a2258ca74bbeb04,fc766b86403786a4d21aa17cb2e0a6af531cf418e941efb7ddc578000f54c36c,c:\Windows\WinSxS\amd64_microsoft-windows-l2gpstore_31bf3856ad364e35_10.0.18362.1_none_4c3c249357b1313c\l2gpstore.dll
l2gpstore.dll,70656,3,1056566311,2003-06-25T18:38:31.000Z,exports,l2gpstore.dll,L2GPPolicyStoreOpen,5cd44e0a77ce01149a2258ca74bbeb04,fc766b86403786a4d21aa17cb2e0a6af531cf418e941efb7ddc578000f54c36c,c:\Windows\WinSxS\amd64_microsoft-windows-l2gpstore_31bf3856ad364e35_10.0.18362.1_none_4c3c249357b1313c\l2gpstore.dll
