linkinfo.dll,30720,2,583702325,1988-06-30T19:32:05.000Z,imports,msvcrt.dll,_XcptFilter,590ede606e4ad541a529f7899795a430,26904703c9b2f0e1bf0b535bf15cb91ff0a63340e12613d09876bf891a97b2f3,c:\Windows\System32\linkinfo.dll
linkinfo.dll,30720,2,583702325,1988-06-30T19:32:05.000Z,imports,msvcrt.dll,__C_specific_handler,590ede606e4ad541a529f7899795a430,26904703c9b2f0e1bf0b535bf15cb91ff0a63340e12613d09876bf891a97b2f3,c:\Windows\System32\linkinfo.dll
linkinfo.dll,30720,2,583702325,1988-06-30T19:32:05.000Z,imports,msvcrt.dll,_amsg_exit,590ede606e4ad541a529f7899795a430,26904703c9b2f0e1bf0b535bf15cb91ff0a63340e12613d09876bf891a97b2f3,c:\Windows\System32\linkinfo.dll
linkinfo.dll,30720,2,583702325,1988-06-30T19:32:05.000Z,imports,msvcrt.dll,_initterm,590ede606e4ad541a529f7899795a430,26904703c9b2f0e1bf0b535bf15cb91ff0a63340e12613d09876bf891a97b2f3,c:\Windows\System32\linkinfo.dll
linkinfo.dll,30720,2,583702325,1988-06-30T19:32:05.000Z,imports,msvcrt.dll,free,590ede606e4ad541a529f7899795a430,26904703c9b2f0e1bf0b535bf15cb91ff0a63340e12613d09876bf891a97b2f3,c:\Windows\System32\linkinfo.dll
linkinfo.dll,30720,2,583702325,1988-06-30T19:32:05.000Z,imports,msvcrt.dll,malloc,590ede606e4ad541a529f7899795a430,26904703c9b2f0e1bf0b535bf15cb91ff0a63340e12613d09876bf891a97b2f3,c:\Windows\System32\linkinfo.dll
linkinfo.dll,30720,2,583702325,1988-06-30T19:32:05.000Z,imports,msvcrt.dll,memcpy,590ede606e4ad541a529f7899795a430,26904703c9b2f0e1bf0b535bf15cb91ff0a63340e12613d09876bf891a97b2f3,c:\Windows\System32\linkinfo.dll
linkinfo.dll,30720,2,583702325,1988-06-30T19:32:05.000Z,imports,msvcrt.dll,memset,590ede606e4ad541a529f7899795a430,26904703c9b2f0e1bf0b535bf15cb91ff0a63340e12613d09876bf891a97b2f3,c:\Windows\System32\linkinfo.dll
linkinfo.dll,30720,2,583702325,1988-06-30T19:32:05.000Z,imports,api-ms-win-core-file-l1-1-0.dll,GetDriveTypeW,590ede606e4ad541a529f7899795a430,26904703c9b2f0e1bf0b535bf15cb91ff0a63340e12613d09876bf891a97b2f3,c:\Windows\System32\linkinfo.dll
linkinfo.dll,30720,2,583702325,1988-06-30T19:32:05.000Z,imports,api-ms-win-core-file-l1-1-0.dll,GetFileAttributesW,590ede606e4ad541a529f7899795a430,26904703c9b2f0e1bf0b535bf15cb91ff0a63340e12613d09876bf891a97b2f3,c:\Windows\System32\linkinfo.dll
linkinfo.dll,30720,2,583702325,1988-06-30T19:32:05.000Z,imports,api-ms-win-core-file-l1-1-0.dll,GetFullPathNameW,590ede606e4ad541a529f7899795a430,26904703c9b2f0e1bf0b535bf15cb91ff0a63340e12613d09876bf891a97b2f3,c:\Windows\System32\linkinfo.dll
linkinfo.dll,30720,2,583702325,1988-06-30T19:32:05.000Z,imports,api-ms-win-core-file-l1-1-0.dll,GetLogicalDrives,590ede606e4ad541a529f7899795a430,26904703c9b2f0e1bf0b535bf15cb91ff0a63340e12613d09876bf891a97b2f3,c:\Windows\System32\linkinfo.dll
linkinfo.dll,30720,2,583702325,1988-06-30T19:32:05.000Z,imports,api-ms-win-core-file-l1-1-0.dll,GetVolumeInformationW,590ede606e4ad541a529f7899795a430,26904703c9b2f0e1bf0b535bf15cb91ff0a63340e12613d09876bf891a97b2f3,c:\Windows\System32\linkinfo.dll
linkinfo.dll,30720,2,583702325,1988-06-30T19:32:05.000Z,imports,api-ms-win-core-string-l2-1-0.dll,CharNextW,590ede606e4ad541a529f7899795a430,26904703c9b2f0e1bf0b535bf15cb91ff0a63340e12613d09876bf891a97b2f3,c:\Windows\System32\linkinfo.dll
linkinfo.dll,30720,2,583702325,1988-06-30T19:32:05.000Z,imports,api-ms-win-core-string-l2-1-0.dll,CharPrevW,590ede606e4ad541a529f7899795a430,26904703c9b2f0e1bf0b535bf15cb91ff0a63340e12613d09876bf891a97b2f3,c:\Windows\System32\linkinfo.dll
linkinfo.dll,30720,2,583702325,1988-06-30T19:32:05.000Z,imports,api-ms-win-core-string-l2-1-0.dll,CharUpperW,590ede606e4ad541a529f7899795a430,26904703c9b2f0e1bf0b535bf15cb91ff0a63340e12613d09876bf891a97b2f3,c:\Windows\System32\linkinfo.dll
linkinfo.dll,30720,2,583702325,1988-06-30T19:32:05.000Z,imports,api-ms-win-core-string-l2-1-0.dll,IsCharAlphaW,590ede606e4ad541a529f7899795a430,26904703c9b2f0e1bf0b535bf15cb91ff0a63340e12613d09876bf891a97b2f3,c:\Windows\System32\linkinfo.dll
linkinfo.dll,30720,2,583702325,1988-06-30T19:32:05.000Z,imports,api-ms-win-core-errorhandling-l1-1-0.dll,SetErrorMode,590ede606e4ad541a529f7899795a430,26904703c9b2f0e1bf0b535bf15cb91ff0a63340e12613d09876bf891a97b2f3,c:\Windows\System32\linkinfo.dll
linkinfo.dll,30720,2,583702325,1988-06-30T19:32:05.000Z,imports,api-ms-win-core-errorhandling-l1-1-0.dll,SetLastError,590ede606e4ad541a529f7899795a430,26904703c9b2f0e1bf0b535bf15cb91ff0a63340e12613d09876bf891a97b2f3,c:\Windows\System32\linkinfo.dll
linkinfo.dll,30720,2,583702325,1988-06-30T19:32:05.000Z,imports,api-ms-win-core-errorhandling-l1-1-0.dll,SetUnhandledExceptionFilter,590ede606e4ad541a529f7899795a430,26904703c9b2f0e1bf0b535bf15cb91ff0a63340e12613d09876bf891a97b2f3,c:\Windows\System32\linkinfo.dll
linkinfo.dll,30720,2,583702325,1988-06-30T19:32:05.000Z,imports,api-ms-win-core-errorhandling-l1-1-0.dll,UnhandledExceptionFilter,590ede606e4ad541a529f7899795a430,26904703c9b2f0e1bf0b535bf15cb91ff0a63340e12613d09876bf891a97b2f3,c:\Windows\System32\linkinfo.dll
linkinfo.dll,30720,2,583702325,1988-06-30T19:32:05.000Z,imports,api-ms-win-core-string-l1-1-0.dll,MultiByteToWideChar,590ede606e4ad541a529f7899795a430,26904703c9b2f0e1bf0b535bf15cb91ff0a63340e12613d09876bf891a97b2f3,c:\Windows\System32\linkinfo.dll
linkinfo.dll,30720,2,583702325,1988-06-30T19:32:05.000Z,imports,api-ms-win-core-string-l1-1-0.dll,WideCharToMultiByte,590ede606e4ad541a529f7899795a430,26904703c9b2f0e1bf0b535bf15cb91ff0a63340e12613d09876bf891a97b2f3,c:\Windows\System32\linkinfo.dll
linkinfo.dll,30720,2,583702325,1988-06-30T19:32:05.000Z,imports,api-ms-win-core-heap-l2-1-0.dll,LocalAlloc,590ede606e4ad541a529f7899795a430,26904703c9b2f0e1bf0b535bf15cb91ff0a63340e12613d09876bf891a97b2f3,c:\Windows\System32\linkinfo.dll
linkinfo.dll,30720,2,583702325,1988-06-30T19:32:05.000Z,imports,api-ms-win-core-heap-l2-1-0.dll,LocalFree,590ede606e4ad541a529f7899795a430,26904703c9b2f0e1bf0b535bf15cb91ff0a63340e12613d09876bf891a97b2f3,c:\Windows\System32\linkinfo.dll
linkinfo.dll,30720,2,583702325,1988-06-30T19:32:05.000Z,imports,api-ms-win-core-path-l1-1-0.dll,PathIsUNCEx,590ede606e4ad541a529f7899795a430,26904703c9b2f0e1bf0b535bf15cb91ff0a63340e12613d09876bf891a97b2f3,c:\Windows\System32\linkinfo.dll
linkinfo.dll,30720,2,583702325,1988-06-30T19:32:05.000Z,imports,api-ms-win-core-libraryloader-l1-2-0.dll,DisableThreadLibraryCalls,590ede606e4ad541a529f7899795a430,26904703c9b2f0e1bf0b535bf15cb91ff0a63340e12613d09876bf891a97b2f3,c:\Windows\System32\linkinfo.dll
linkinfo.dll,30720,2,583702325,1988-06-30T19:32:05.000Z,imports,api-ms-win-core-synch-l1-2-0.dll,Sleep,590ede606e4ad541a529f7899795a430,26904703c9b2f0e1bf0b535bf15cb91ff0a63340e12613d09876bf891a97b2f3,c:\Windows\System32\linkinfo.dll
linkinfo.dll,30720,2,583702325,1988-06-30T19:32:05.000Z,imports,api-ms-win-core-rtlsupport-l1-1-0.dll,RtlCaptureContext,590ede606e4ad541a529f7899795a430,26904703c9b2f0e1bf0b535bf15cb91ff0a63340e12613d09876bf891a97b2f3,c:\Windows\System32\linkinfo.dll
linkinfo.dll,30720,2,583702325,1988-06-30T19:32:05.000Z,imports,api-ms-win-core-rtlsupport-l1-1-0.dll,RtlLookupFunctionEntry,590ede606e4ad541a529f7899795a430,26904703c9b2f0e1bf0b535bf15cb91ff0a63340e12613d09876bf891a97b2f3,c:\Windows\System32\linkinfo.dll
linkinfo.dll,30720,2,583702325,1988-06-30T19:32:05.000Z,imports,api-ms-win-core-rtlsupport-l1-1-0.dll,RtlVirtualUnwind,590ede606e4ad541a529f7899795a430,26904703c9b2f0e1bf0b535bf15cb91ff0a63340e12613d09876bf891a97b2f3,c:\Windows\System32\linkinfo.dll
linkinfo.dll,30720,2,583702325,1988-06-30T19:32:05.000Z,imports,api-ms-win-core-processthreads-l1-1-0.dll,GetCurrentProcess,590ede606e4ad541a529f7899795a430,26904703c9b2f0e1bf0b535bf15cb91ff0a63340e12613d09876bf891a97b2f3,c:\Windows\System32\linkinfo.dll
linkinfo.dll,30720,2,583702325,1988-06-30T19:32:05.000Z,imports,api-ms-win-core-processthreads-l1-1-0.dll,GetCurrentProcessId,590ede606e4ad541a529f7899795a430,26904703c9b2f0e1bf0b535bf15cb91ff0a63340e12613d09876bf891a97b2f3,c:\Windows\System32\linkinfo.dll
linkinfo.dll,30720,2,583702325,1988-06-30T19:32:05.000Z,imports,api-ms-win-core-processthreads-l1-1-0.dll,GetCurrentThreadId,590ede606e4ad541a529f7899795a430,26904703c9b2f0e1bf0b535bf15cb91ff0a63340e12613d09876bf891a97b2f3,c:\Windows\System32\linkinfo.dll
linkinfo.dll,30720,2,583702325,1988-06-30T19:32:05.000Z,imports,api-ms-win-core-processthreads-l1-1-0.dll,TerminateProcess,590ede606e4ad541a529f7899795a430,26904703c9b2f0e1bf0b535bf15cb91ff0a63340e12613d09876bf891a97b2f3,c:\Windows\System32\linkinfo.dll
linkinfo.dll,30720,2,583702325,1988-06-30T19:32:05.000Z,imports,api-ms-win-core-profile-l1-1-0.dll,QueryPerformanceCounter,590ede606e4ad541a529f7899795a430,26904703c9b2f0e1bf0b535bf15cb91ff0a63340e12613d09876bf891a97b2f3,c:\Windows\System32\linkinfo.dll
linkinfo.dll,30720,2,583702325,1988-06-30T19:32:05.000Z,imports,api-ms-win-core-sysinfo-l1-1-0.dll,GetSystemTimeAsFileTime,590ede606e4ad541a529f7899795a430,26904703c9b2f0e1bf0b535bf15cb91ff0a63340e12613d09876bf891a97b2f3,c:\Windows\System32\linkinfo.dll
linkinfo.dll,30720,2,583702325,1988-06-30T19:32:05.000Z,imports,api-ms-win-core-sysinfo-l1-1-0.dll,GetTickCount,590ede606e4ad541a529f7899795a430,26904703c9b2f0e1bf0b535bf15cb91ff0a63340e12613d09876bf891a97b2f3,c:\Windows\System32\linkinfo.dll
linkinfo.dll,30720,2,583702325,1988-06-30T19:32:05.000Z,imports,api-ms-win-core-string-obsolete-l1-1-0.dll,lstrcmpW,590ede606e4ad541a529f7899795a430,26904703c9b2f0e1bf0b535bf15cb91ff0a63340e12613d09876bf891a97b2f3,c:\Windows\System32\linkinfo.dll
linkinfo.dll,30720,2,583702325,1988-06-30T19:32:05.000Z,imports,api-ms-win-core-string-obsolete-l1-1-0.dll,lstrcmpiW,590ede606e4ad541a529f7899795a430,26904703c9b2f0e1bf0b535bf15cb91ff0a63340e12613d09876bf891a97b2f3,c:\Windows\System32\linkinfo.dll
linkinfo.dll,30720,2,583702325,1988-06-30T19:32:05.000Z,imports,api-ms-win-core-string-obsolete-l1-1-0.dll,lstrlenW,590ede606e4ad541a529f7899795a430,26904703c9b2f0e1bf0b535bf15cb91ff0a63340e12613d09876bf891a97b2f3,c:\Windows\System32\linkinfo.dll
linkinfo.dll,30720,2,583702325,1988-06-30T19:32:05.000Z,imports,api-ms-win-core-delayload-l1-1-1.dll,ResolveDelayLoadedAPI,590ede606e4ad541a529f7899795a430,26904703c9b2f0e1bf0b535bf15cb91ff0a63340e12613d09876bf891a97b2f3,c:\Windows\System32\linkinfo.dll
linkinfo.dll,30720,2,583702325,1988-06-30T19:32:05.000Z,imports,api-ms-win-core-delayload-l1-1-0.dll,DelayLoadFailureHook,590ede606e4ad541a529f7899795a430,26904703c9b2f0e1bf0b535bf15cb91ff0a63340e12613d09876bf891a97b2f3,c:\Windows\System32\linkinfo.dll
linkinfo.dll,30720,2,583702325,1988-06-30T19:32:05.000Z,exports,linkinfo.dll,CompareLinkInfoReferents,590ede606e4ad541a529f7899795a430,26904703c9b2f0e1bf0b535bf15cb91ff0a63340e12613d09876bf891a97b2f3,c:\Windows\System32\linkinfo.dll
linkinfo.dll,30720,2,583702325,1988-06-30T19:32:05.000Z,exports,linkinfo.dll,CompareLinkInfoVolumes,590ede606e4ad541a529f7899795a430,26904703c9b2f0e1bf0b535bf15cb91ff0a63340e12613d09876bf891a97b2f3,c:\Windows\System32\linkinfo.dll
linkinfo.dll,30720,2,583702325,1988-06-30T19:32:05.000Z,exports,linkinfo.dll,CreateLinkInfo,590ede606e4ad541a529f7899795a430,26904703c9b2f0e1bf0b535bf15cb91ff0a63340e12613d09876bf891a97b2f3,c:\Windows\System32\linkinfo.dll
linkinfo.dll,30720,2,583702325,1988-06-30T19:32:05.000Z,exports,linkinfo.dll,CreateLinkInfoA,590ede606e4ad541a529f7899795a430,26904703c9b2f0e1bf0b535bf15cb91ff0a63340e12613d09876bf891a97b2f3,c:\Windows\System32\linkinfo.dll
linkinfo.dll,30720,2,583702325,1988-06-30T19:32:05.000Z,exports,linkinfo.dll,CreateLinkInfoW,590ede606e4ad541a529f7899795a430,26904703c9b2f0e1bf0b535bf15cb91ff0a63340e12613d09876bf891a97b2f3,c:\Windows\System32\linkinfo.dll
linkinfo.dll,30720,2,583702325,1988-06-30T19:32:05.000Z,exports,linkinfo.dll,DestroyLinkInfo,590ede606e4ad541a529f7899795a430,26904703c9b2f0e1bf0b535bf15cb91ff0a63340e12613d09876bf891a97b2f3,c:\Windows\System32\linkinfo.dll
linkinfo.dll,30720,2,583702325,1988-06-30T19:32:05.000Z,exports,linkinfo.dll,DisconnectLinkInfo,590ede606e4ad541a529f7899795a430,26904703c9b2f0e1bf0b535bf15cb91ff0a63340e12613d09876bf891a97b2f3,c:\Windows\System32\linkinfo.dll
linkinfo.dll,30720,2,583702325,1988-06-30T19:32:05.000Z,exports,linkinfo.dll,GetCanonicalPathInfo,590ede606e4ad541a529f7899795a430,26904703c9b2f0e1bf0b535bf15cb91ff0a63340e12613d09876bf891a97b2f3,c:\Windows\System32\linkinfo.dll
linkinfo.dll,30720,2,583702325,1988-06-30T19:32:05.000Z,exports,linkinfo.dll,GetCanonicalPathInfoA,590ede606e4ad541a529f7899795a430,26904703c9b2f0e1bf0b535bf15cb91ff0a63340e12613d09876bf891a97b2f3,c:\Windows\System32\linkinfo.dll
linkinfo.dll,30720,2,583702325,1988-06-30T19:32:05.000Z,exports,linkinfo.dll,GetCanonicalPathInfoW,590ede606e4ad541a529f7899795a430,26904703c9b2f0e1bf0b535bf15cb91ff0a63340e12613d09876bf891a97b2f3,c:\Windows\System32\linkinfo.dll
linkinfo.dll,30720,2,583702325,1988-06-30T19:32:05.000Z,exports,linkinfo.dll,GetLinkInfoData,590ede606e4ad541a529f7899795a430,26904703c9b2f0e1bf0b535bf15cb91ff0a63340e12613d09876bf891a97b2f3,c:\Windows\System32\linkinfo.dll
linkinfo.dll,30720,2,583702325,1988-06-30T19:32:05.000Z,exports,linkinfo.dll,IsValidLinkInfo,590ede606e4ad541a529f7899795a430,26904703c9b2f0e1bf0b535bf15cb91ff0a63340e12613d09876bf891a97b2f3,c:\Windows\System32\linkinfo.dll
linkinfo.dll,30720,2,583702325,1988-06-30T19:32:05.000Z,exports,linkinfo.dll,ResolveLinkInfo,590ede606e4ad541a529f7899795a430,26904703c9b2f0e1bf0b535bf15cb91ff0a63340e12613d09876bf891a97b2f3,c:\Windows\System32\linkinfo.dll
linkinfo.dll,30720,2,583702325,1988-06-30T19:32:05.000Z,exports,linkinfo.dll,ResolveLinkInfoA,590ede606e4ad541a529f7899795a430,26904703c9b2f0e1bf0b535bf15cb91ff0a63340e12613d09876bf891a97b2f3,c:\Windows\System32\linkinfo.dll
linkinfo.dll,30720,2,583702325,1988-06-30T19:32:05.000Z,exports,linkinfo.dll,ResolveLinkInfoW,590ede606e4ad541a529f7899795a430,26904703c9b2f0e1bf0b535bf15cb91ff0a63340e12613d09876bf891a97b2f3,c:\Windows\System32\linkinfo.dll
