schedprov.dll,322560,3,1592896305,2020-06-23T07:11:45.000Z,imports,msvcrt.dll,??1type_info@@UEAA@XZ,a31544bd66c508f296c2cc6b07a0547d,f7ff9a1ded31763234e3fa568767208ada95034f452dafba3f69d475ac7c0c54,c:\Windows\WinSxS\amd64_microsoft-windows-t..eduler-ciminterface_31bf3856ad364e35_10.0.18362.1_none_5dab73499fd154b5\schedprov.dll
schedprov.dll,322560,3,1592896305,2020-06-23T07:11:45.000Z,imports,msvcrt.dll,_CxxThrowException,a31544bd66c508f296c2cc6b07a0547d,f7ff9a1ded31763234e3fa568767208ada95034f452dafba3f69d475ac7c0c54,c:\Windows\WinSxS\amd64_microsoft-windows-t..eduler-ciminterface_31bf3856ad364e35_10.0.18362.1_none_5dab73499fd154b5\schedprov.dll
schedprov.dll,322560,3,1592896305,2020-06-23T07:11:45.000Z,imports,msvcrt.dll,_XcptFilter,a31544bd66c508f296c2cc6b07a0547d,f7ff9a1ded31763234e3fa568767208ada95034f452dafba3f69d475ac7c0c54,c:\Windows\WinSxS\amd64_microsoft-windows-t..eduler-ciminterface_31bf3856ad364e35_10.0.18362.1_none_5dab73499fd154b5\schedprov.dll
schedprov.dll,322560,3,1592896305,2020-06-23T07:11:45.000Z,imports,msvcrt.dll,__C_specific_handler,a31544bd66c508f296c2cc6b07a0547d,f7ff9a1ded31763234e3fa568767208ada95034f452dafba3f69d475ac7c0c54,c:\Windows\WinSxS\amd64_microsoft-windows-t..eduler-ciminterface_31bf3856ad364e35_10.0.18362.1_none_5dab73499fd154b5\schedprov.dll
schedprov.dll,322560,3,1592896305,2020-06-23T07:11:45.000Z,imports,msvcrt.dll,__CxxFrameHandler3,a31544bd66c508f296c2cc6b07a0547d,f7ff9a1ded31763234e3fa568767208ada95034f452dafba3f69d475ac7c0c54,c:\Windows\WinSxS\amd64_microsoft-windows-t..eduler-ciminterface_31bf3856ad364e35_10.0.18362.1_none_5dab73499fd154b5\schedprov.dll
schedprov.dll,322560,3,1592896305,2020-06-23T07:11:45.000Z,imports,msvcrt.dll,_amsg_exit,a31544bd66c508f296c2cc6b07a0547d,f7ff9a1ded31763234e3fa568767208ada95034f452dafba3f69d475ac7c0c54,c:\Windows\WinSxS\amd64_microsoft-windows-t..eduler-ciminterface_31bf3856ad364e35_10.0.18362.1_none_5dab73499fd154b5\schedprov.dll
schedprov.dll,322560,3,1592896305,2020-06-23T07:11:45.000Z,imports,msvcrt.dll,_initterm,a31544bd66c508f296c2cc6b07a0547d,f7ff9a1ded31763234e3fa568767208ada95034f452dafba3f69d475ac7c0c54,c:\Windows\WinSxS\amd64_microsoft-windows-t..eduler-ciminterface_31bf3856ad364e35_10.0.18362.1_none_5dab73499fd154b5\schedprov.dll
schedprov.dll,322560,3,1592896305,2020-06-23T07:11:45.000Z,imports,msvcrt.dll,_vsnwprintf,a31544bd66c508f296c2cc6b07a0547d,f7ff9a1ded31763234e3fa568767208ada95034f452dafba3f69d475ac7c0c54,c:\Windows\WinSxS\amd64_microsoft-windows-t..eduler-ciminterface_31bf3856ad364e35_10.0.18362.1_none_5dab73499fd154b5\schedprov.dll
schedprov.dll,322560,3,1592896305,2020-06-23T07:11:45.000Z,imports,msvcrt.dll,_wcsicmp,a31544bd66c508f296c2cc6b07a0547d,f7ff9a1ded31763234e3fa568767208ada95034f452dafba3f69d475ac7c0c54,c:\Windows\WinSxS\amd64_microsoft-windows-t..eduler-ciminterface_31bf3856ad364e35_10.0.18362.1_none_5dab73499fd154b5\schedprov.dll
schedprov.dll,322560,3,1592896305,2020-06-23T07:11:45.000Z,imports,msvcrt.dll,free,a31544bd66c508f296c2cc6b07a0547d,f7ff9a1ded31763234e3fa568767208ada95034f452dafba3f69d475ac7c0c54,c:\Windows\WinSxS\amd64_microsoft-windows-t..eduler-ciminterface_31bf3856ad364e35_10.0.18362.1_none_5dab73499fd154b5\schedprov.dll
schedprov.dll,322560,3,1592896305,2020-06-23T07:11:45.000Z,imports,msvcrt.dll,malloc,a31544bd66c508f296c2cc6b07a0547d,f7ff9a1ded31763234e3fa568767208ada95034f452dafba3f69d475ac7c0c54,c:\Windows\WinSxS\amd64_microsoft-windows-t..eduler-ciminterface_31bf3856ad364e35_10.0.18362.1_none_5dab73499fd154b5\schedprov.dll
schedprov.dll,322560,3,1592896305,2020-06-23T07:11:45.000Z,imports,msvcrt.dll,memcpy_s,a31544bd66c508f296c2cc6b07a0547d,f7ff9a1ded31763234e3fa568767208ada95034f452dafba3f69d475ac7c0c54,c:\Windows\WinSxS\amd64_microsoft-windows-t..eduler-ciminterface_31bf3856ad364e35_10.0.18362.1_none_5dab73499fd154b5\schedprov.dll
schedprov.dll,322560,3,1592896305,2020-06-23T07:11:45.000Z,imports,msvcrt.dll,memset,a31544bd66c508f296c2cc6b07a0547d,f7ff9a1ded31763234e3fa568767208ada95034f452dafba3f69d475ac7c0c54,c:\Windows\WinSxS\amd64_microsoft-windows-t..eduler-ciminterface_31bf3856ad364e35_10.0.18362.1_none_5dab73499fd154b5\schedprov.dll
schedprov.dll,322560,3,1592896305,2020-06-23T07:11:45.000Z,imports,msvcrt.dll,swprintf_s,a31544bd66c508f296c2cc6b07a0547d,f7ff9a1ded31763234e3fa568767208ada95034f452dafba3f69d475ac7c0c54,c:\Windows\WinSxS\amd64_microsoft-windows-t..eduler-ciminterface_31bf3856ad364e35_10.0.18362.1_none_5dab73499fd154b5\schedprov.dll
schedprov.dll,322560,3,1592896305,2020-06-23T07:11:45.000Z,imports,msvcrt.dll,wcscmp,a31544bd66c508f296c2cc6b07a0547d,f7ff9a1ded31763234e3fa568767208ada95034f452dafba3f69d475ac7c0c54,c:\Windows\WinSxS\amd64_microsoft-windows-t..eduler-ciminterface_31bf3856ad364e35_10.0.18362.1_none_5dab73499fd154b5\schedprov.dll
schedprov.dll,322560,3,1592896305,2020-06-23T07:11:45.000Z,imports,ntdll.dll,RtlCaptureContext,a31544bd66c508f296c2cc6b07a0547d,f7ff9a1ded31763234e3fa568767208ada95034f452dafba3f69d475ac7c0c54,c:\Windows\WinSxS\amd64_microsoft-windows-t..eduler-ciminterface_31bf3856ad364e35_10.0.18362.1_none_5dab73499fd154b5\schedprov.dll
schedprov.dll,322560,3,1592896305,2020-06-23T07:11:45.000Z,imports,ntdll.dll,RtlLookupFunctionEntry,a31544bd66c508f296c2cc6b07a0547d,f7ff9a1ded31763234e3fa568767208ada95034f452dafba3f69d475ac7c0c54,c:\Windows\WinSxS\amd64_microsoft-windows-t..eduler-ciminterface_31bf3856ad364e35_10.0.18362.1_none_5dab73499fd154b5\schedprov.dll
schedprov.dll,322560,3,1592896305,2020-06-23T07:11:45.000Z,imports,ntdll.dll,RtlVirtualUnwind,a31544bd66c508f296c2cc6b07a0547d,f7ff9a1ded31763234e3fa568767208ada95034f452dafba3f69d475ac7c0c54,c:\Windows\WinSxS\amd64_microsoft-windows-t..eduler-ciminterface_31bf3856ad364e35_10.0.18362.1_none_5dab73499fd154b5\schedprov.dll
schedprov.dll,322560,3,1592896305,2020-06-23T07:11:45.000Z,imports,api-ms-win-core-sysinfo-l1-1-0.dll,GetSystemDirectoryW,a31544bd66c508f296c2cc6b07a0547d,f7ff9a1ded31763234e3fa568767208ada95034f452dafba3f69d475ac7c0c54,c:\Windows\WinSxS\amd64_microsoft-windows-t..eduler-ciminterface_31bf3856ad364e35_10.0.18362.1_none_5dab73499fd154b5\schedprov.dll
schedprov.dll,322560,3,1592896305,2020-06-23T07:11:45.000Z,imports,api-ms-win-core-sysinfo-l1-1-0.dll,GetSystemTimeAsFileTime,a31544bd66c508f296c2cc6b07a0547d,f7ff9a1ded31763234e3fa568767208ada95034f452dafba3f69d475ac7c0c54,c:\Windows\WinSxS\amd64_microsoft-windows-t..eduler-ciminterface_31bf3856ad364e35_10.0.18362.1_none_5dab73499fd154b5\schedprov.dll
schedprov.dll,322560,3,1592896305,2020-06-23T07:11:45.000Z,imports,api-ms-win-core-sysinfo-l1-1-0.dll,GetTickCount,a31544bd66c508f296c2cc6b07a0547d,f7ff9a1ded31763234e3fa568767208ada95034f452dafba3f69d475ac7c0c54,c:\Windows\WinSxS\amd64_microsoft-windows-t..eduler-ciminterface_31bf3856ad364e35_10.0.18362.1_none_5dab73499fd154b5\schedprov.dll
schedprov.dll,322560,3,1592896305,2020-06-23T07:11:45.000Z,imports,api-ms-win-core-errorhandling-l1-1-0.dll,GetLastError,a31544bd66c508f296c2cc6b07a0547d,f7ff9a1ded31763234e3fa568767208ada95034f452dafba3f69d475ac7c0c54,c:\Windows\WinSxS\amd64_microsoft-windows-t..eduler-ciminterface_31bf3856ad364e35_10.0.18362.1_none_5dab73499fd154b5\schedprov.dll
schedprov.dll,322560,3,1592896305,2020-06-23T07:11:45.000Z,imports,api-ms-win-core-errorhandling-l1-1-0.dll,SetUnhandledExceptionFilter,a31544bd66c508f296c2cc6b07a0547d,f7ff9a1ded31763234e3fa568767208ada95034f452dafba3f69d475ac7c0c54,c:\Windows\WinSxS\amd64_microsoft-windows-t..eduler-ciminterface_31bf3856ad364e35_10.0.18362.1_none_5dab73499fd154b5\schedprov.dll
schedprov.dll,322560,3,1592896305,2020-06-23T07:11:45.000Z,imports,api-ms-win-core-errorhandling-l1-1-0.dll,UnhandledExceptionFilter,a31544bd66c508f296c2cc6b07a0547d,f7ff9a1ded31763234e3fa568767208ada95034f452dafba3f69d475ac7c0c54,c:\Windows\WinSxS\amd64_microsoft-windows-t..eduler-ciminterface_31bf3856ad364e35_10.0.18362.1_none_5dab73499fd154b5\schedprov.dll
schedprov.dll,322560,3,1592896305,2020-06-23T07:11:45.000Z,imports,api-ms-win-core-libraryloader-l1-2-0.dll,DisableThreadLibraryCalls,a31544bd66c508f296c2cc6b07a0547d,f7ff9a1ded31763234e3fa568767208ada95034f452dafba3f69d475ac7c0c54,c:\Windows\WinSxS\amd64_microsoft-windows-t..eduler-ciminterface_31bf3856ad364e35_10.0.18362.1_none_5dab73499fd154b5\schedprov.dll
schedprov.dll,322560,3,1592896305,2020-06-23T07:11:45.000Z,imports,api-ms-win-core-libraryloader-l1-2-0.dll,FreeLibrary,a31544bd66c508f296c2cc6b07a0547d,f7ff9a1ded31763234e3fa568767208ada95034f452dafba3f69d475ac7c0c54,c:\Windows\WinSxS\amd64_microsoft-windows-t..eduler-ciminterface_31bf3856ad364e35_10.0.18362.1_none_5dab73499fd154b5\schedprov.dll
schedprov.dll,322560,3,1592896305,2020-06-23T07:11:45.000Z,imports,api-ms-win-core-libraryloader-l1-2-0.dll,GetModuleHandleW,a31544bd66c508f296c2cc6b07a0547d,f7ff9a1ded31763234e3fa568767208ada95034f452dafba3f69d475ac7c0c54,c:\Windows\WinSxS\amd64_microsoft-windows-t..eduler-ciminterface_31bf3856ad364e35_10.0.18362.1_none_5dab73499fd154b5\schedprov.dll
schedprov.dll,322560,3,1592896305,2020-06-23T07:11:45.000Z,imports,api-ms-win-core-libraryloader-l1-2-0.dll,GetProcAddress,a31544bd66c508f296c2cc6b07a0547d,f7ff9a1ded31763234e3fa568767208ada95034f452dafba3f69d475ac7c0c54,c:\Windows\WinSxS\amd64_microsoft-windows-t..eduler-ciminterface_31bf3856ad364e35_10.0.18362.1_none_5dab73499fd154b5\schedprov.dll
schedprov.dll,322560,3,1592896305,2020-06-23T07:11:45.000Z,imports,api-ms-win-core-libraryloader-l1-2-0.dll,LoadLibraryExW,a31544bd66c508f296c2cc6b07a0547d,f7ff9a1ded31763234e3fa568767208ada95034f452dafba3f69d475ac7c0c54,c:\Windows\WinSxS\amd64_microsoft-windows-t..eduler-ciminterface_31bf3856ad364e35_10.0.18362.1_none_5dab73499fd154b5\schedprov.dll
schedprov.dll,322560,3,1592896305,2020-06-23T07:11:45.000Z,imports,api-ms-win-core-libraryloader-l1-2-0.dll,LoadStringW,a31544bd66c508f296c2cc6b07a0547d,f7ff9a1ded31763234e3fa568767208ada95034f452dafba3f69d475ac7c0c54,c:\Windows\WinSxS\amd64_microsoft-windows-t..eduler-ciminterface_31bf3856ad364e35_10.0.18362.1_none_5dab73499fd154b5\schedprov.dll
schedprov.dll,322560,3,1592896305,2020-06-23T07:11:45.000Z,imports,api-ms-win-core-com-l1-1-0.dll,CoCreateInstance,a31544bd66c508f296c2cc6b07a0547d,f7ff9a1ded31763234e3fa568767208ada95034f452dafba3f69d475ac7c0c54,c:\Windows\WinSxS\amd64_microsoft-windows-t..eduler-ciminterface_31bf3856ad364e35_10.0.18362.1_none_5dab73499fd154b5\schedprov.dll
schedprov.dll,322560,3,1592896305,2020-06-23T07:11:45.000Z,imports,api-ms-win-core-com-l1-1-0.dll,CoInitializeEx,a31544bd66c508f296c2cc6b07a0547d,f7ff9a1ded31763234e3fa568767208ada95034f452dafba3f69d475ac7c0c54,c:\Windows\WinSxS\amd64_microsoft-windows-t..eduler-ciminterface_31bf3856ad364e35_10.0.18362.1_none_5dab73499fd154b5\schedprov.dll
schedprov.dll,322560,3,1592896305,2020-06-23T07:11:45.000Z,imports,api-ms-win-core-com-l1-1-0.dll,CoUninitialize,a31544bd66c508f296c2cc6b07a0547d,f7ff9a1ded31763234e3fa568767208ada95034f452dafba3f69d475ac7c0c54,c:\Windows\WinSxS\amd64_microsoft-windows-t..eduler-ciminterface_31bf3856ad364e35_10.0.18362.1_none_5dab73499fd154b5\schedprov.dll
schedprov.dll,322560,3,1592896305,2020-06-23T07:11:45.000Z,imports,api-ms-win-core-processenvironment-l1-1-0.dll,ExpandEnvironmentStringsW,a31544bd66c508f296c2cc6b07a0547d,f7ff9a1ded31763234e3fa568767208ada95034f452dafba3f69d475ac7c0c54,c:\Windows\WinSxS\amd64_microsoft-windows-t..eduler-ciminterface_31bf3856ad364e35_10.0.18362.1_none_5dab73499fd154b5\schedprov.dll
schedprov.dll,322560,3,1592896305,2020-06-23T07:11:45.000Z,imports,api-ms-win-core-heap-l1-1-0.dll,GetProcessHeap,a31544bd66c508f296c2cc6b07a0547d,f7ff9a1ded31763234e3fa568767208ada95034f452dafba3f69d475ac7c0c54,c:\Windows\WinSxS\amd64_microsoft-windows-t..eduler-ciminterface_31bf3856ad364e35_10.0.18362.1_none_5dab73499fd154b5\schedprov.dll
schedprov.dll,322560,3,1592896305,2020-06-23T07:11:45.000Z,imports,api-ms-win-core-heap-l1-1-0.dll,HeapAlloc,a31544bd66c508f296c2cc6b07a0547d,f7ff9a1ded31763234e3fa568767208ada95034f452dafba3f69d475ac7c0c54,c:\Windows\WinSxS\amd64_microsoft-windows-t..eduler-ciminterface_31bf3856ad364e35_10.0.18362.1_none_5dab73499fd154b5\schedprov.dll
schedprov.dll,322560,3,1592896305,2020-06-23T07:11:45.000Z,imports,api-ms-win-core-heap-l1-1-0.dll,HeapFree,a31544bd66c508f296c2cc6b07a0547d,f7ff9a1ded31763234e3fa568767208ada95034f452dafba3f69d475ac7c0c54,c:\Windows\WinSxS\amd64_microsoft-windows-t..eduler-ciminterface_31bf3856ad364e35_10.0.18362.1_none_5dab73499fd154b5\schedprov.dll
schedprov.dll,322560,3,1592896305,2020-06-23T07:11:45.000Z,imports,api-ms-win-core-localization-l1-2-0.dll,FormatMessageW,a31544bd66c508f296c2cc6b07a0547d,f7ff9a1ded31763234e3fa568767208ada95034f452dafba3f69d475ac7c0c54,c:\Windows\WinSxS\amd64_microsoft-windows-t..eduler-ciminterface_31bf3856ad364e35_10.0.18362.1_none_5dab73499fd154b5\schedprov.dll
schedprov.dll,322560,3,1592896305,2020-06-23T07:11:45.000Z,imports,api-ms-win-core-heap-l2-1-0.dll,LocalFree,a31544bd66c508f296c2cc6b07a0547d,f7ff9a1ded31763234e3fa568767208ada95034f452dafba3f69d475ac7c0c54,c:\Windows\WinSxS\amd64_microsoft-windows-t..eduler-ciminterface_31bf3856ad364e35_10.0.18362.1_none_5dab73499fd154b5\schedprov.dll
schedprov.dll,322560,3,1592896305,2020-06-23T07:11:45.000Z,imports,api-ms-win-core-file-l1-1-0.dll,LocalFileTimeToFileTime,a31544bd66c508f296c2cc6b07a0547d,f7ff9a1ded31763234e3fa568767208ada95034f452dafba3f69d475ac7c0c54,c:\Windows\WinSxS\amd64_microsoft-windows-t..eduler-ciminterface_31bf3856ad364e35_10.0.18362.1_none_5dab73499fd154b5\schedprov.dll
schedprov.dll,322560,3,1592896305,2020-06-23T07:11:45.000Z,imports,api-ms-win-core-timezone-l1-1-0.dll,FileTimeToSystemTime,a31544bd66c508f296c2cc6b07a0547d,f7ff9a1ded31763234e3fa568767208ada95034f452dafba3f69d475ac7c0c54,c:\Windows\WinSxS\amd64_microsoft-windows-t..eduler-ciminterface_31bf3856ad364e35_10.0.18362.1_none_5dab73499fd154b5\schedprov.dll
schedprov.dll,322560,3,1592896305,2020-06-23T07:11:45.000Z,imports,api-ms-win-core-timezone-l1-1-0.dll,SystemTimeToFileTime,a31544bd66c508f296c2cc6b07a0547d,f7ff9a1ded31763234e3fa568767208ada95034f452dafba3f69d475ac7c0c54,c:\Windows\WinSxS\amd64_microsoft-windows-t..eduler-ciminterface_31bf3856ad364e35_10.0.18362.1_none_5dab73499fd154b5\schedprov.dll
schedprov.dll,322560,3,1592896305,2020-06-23T07:11:45.000Z,imports,api-ms-win-core-synch-l1-2-0.dll,Sleep,a31544bd66c508f296c2cc6b07a0547d,f7ff9a1ded31763234e3fa568767208ada95034f452dafba3f69d475ac7c0c54,c:\Windows\WinSxS\amd64_microsoft-windows-t..eduler-ciminterface_31bf3856ad364e35_10.0.18362.1_none_5dab73499fd154b5\schedprov.dll
schedprov.dll,322560,3,1592896305,2020-06-23T07:11:45.000Z,imports,api-ms-win-core-processthreads-l1-1-0.dll,GetCurrentProcess,a31544bd66c508f296c2cc6b07a0547d,f7ff9a1ded31763234e3fa568767208ada95034f452dafba3f69d475ac7c0c54,c:\Windows\WinSxS\amd64_microsoft-windows-t..eduler-ciminterface_31bf3856ad364e35_10.0.18362.1_none_5dab73499fd154b5\schedprov.dll
schedprov.dll,322560,3,1592896305,2020-06-23T07:11:45.000Z,imports,api-ms-win-core-processthreads-l1-1-0.dll,GetCurrentProcessId,a31544bd66c508f296c2cc6b07a0547d,f7ff9a1ded31763234e3fa568767208ada95034f452dafba3f69d475ac7c0c54,c:\Windows\WinSxS\amd64_microsoft-windows-t..eduler-ciminterface_31bf3856ad364e35_10.0.18362.1_none_5dab73499fd154b5\schedprov.dll
schedprov.dll,322560,3,1592896305,2020-06-23T07:11:45.000Z,imports,api-ms-win-core-processthreads-l1-1-0.dll,GetCurrentThreadId,a31544bd66c508f296c2cc6b07a0547d,f7ff9a1ded31763234e3fa568767208ada95034f452dafba3f69d475ac7c0c54,c:\Windows\WinSxS\amd64_microsoft-windows-t..eduler-ciminterface_31bf3856ad364e35_10.0.18362.1_none_5dab73499fd154b5\schedprov.dll
schedprov.dll,322560,3,1592896305,2020-06-23T07:11:45.000Z,imports,api-ms-win-core-processthreads-l1-1-0.dll,TerminateProcess,a31544bd66c508f296c2cc6b07a0547d,f7ff9a1ded31763234e3fa568767208ada95034f452dafba3f69d475ac7c0c54,c:\Windows\WinSxS\amd64_microsoft-windows-t..eduler-ciminterface_31bf3856ad364e35_10.0.18362.1_none_5dab73499fd154b5\schedprov.dll
schedprov.dll,322560,3,1592896305,2020-06-23T07:11:45.000Z,imports,api-ms-win-core-profile-l1-1-0.dll,QueryPerformanceCounter,a31544bd66c508f296c2cc6b07a0547d,f7ff9a1ded31763234e3fa568767208ada95034f452dafba3f69d475ac7c0c54,c:\Windows\WinSxS\amd64_microsoft-windows-t..eduler-ciminterface_31bf3856ad364e35_10.0.18362.1_none_5dab73499fd154b5\schedprov.dll
schedprov.dll,322560,3,1592896305,2020-06-23T07:11:45.000Z,exports,schedprov.dll,DllCanUnloadNow,a31544bd66c508f296c2cc6b07a0547d,f7ff9a1ded31763234e3fa568767208ada95034f452dafba3f69d475ac7c0c54,c:\Windows\WinSxS\amd64_microsoft-windows-t..eduler-ciminterface_31bf3856ad364e35_10.0.18362.1_none_5dab73499fd154b5\schedprov.dll
schedprov.dll,322560,3,1592896305,2020-06-23T07:11:45.000Z,exports,schedprov.dll,DllGetClassObject,a31544bd66c508f296c2cc6b07a0547d,f7ff9a1ded31763234e3fa568767208ada95034f452dafba3f69d475ac7c0c54,c:\Windows\WinSxS\amd64_microsoft-windows-t..eduler-ciminterface_31bf3856ad364e35_10.0.18362.1_none_5dab73499fd154b5\schedprov.dll
schedprov.dll,322560,3,1592896305,2020-06-23T07:11:45.000Z,exports,schedprov.dll,DllMain,a31544bd66c508f296c2cc6b07a0547d,f7ff9a1ded31763234e3fa568767208ada95034f452dafba3f69d475ac7c0c54,c:\Windows\WinSxS\amd64_microsoft-windows-t..eduler-ciminterface_31bf3856ad364e35_10.0.18362.1_none_5dab73499fd154b5\schedprov.dll
schedprov.dll,322560,3,1592896305,2020-06-23T07:11:45.000Z,exports,schedprov.dll,DllRegisterServer,a31544bd66c508f296c2cc6b07a0547d,f7ff9a1ded31763234e3fa568767208ada95034f452dafba3f69d475ac7c0c54,c:\Windows\WinSxS\amd64_microsoft-windows-t..eduler-ciminterface_31bf3856ad364e35_10.0.18362.1_none_5dab73499fd154b5\schedprov.dll
schedprov.dll,322560,3,1592896305,2020-06-23T07:11:45.000Z,exports,schedprov.dll,DllUnregisterServer,a31544bd66c508f296c2cc6b07a0547d,f7ff9a1ded31763234e3fa568767208ada95034f452dafba3f69d475ac7c0c54,c:\Windows\WinSxS\amd64_microsoft-windows-t..eduler-ciminterface_31bf3856ad364e35_10.0.18362.1_none_5dab73499fd154b5\schedprov.dll
schedprov.dll,322560,3,1592896305,2020-06-23T07:11:45.000Z,exports,schedprov.dll,GetProviderClassID,a31544bd66c508f296c2cc6b07a0547d,f7ff9a1ded31763234e3fa568767208ada95034f452dafba3f69d475ac7c0c54,c:\Windows\WinSxS\amd64_microsoft-windows-t..eduler-ciminterface_31bf3856ad364e35_10.0.18362.1_none_5dab73499fd154b5\schedprov.dll
schedprov.dll,322560,3,1592896305,2020-06-23T07:11:45.000Z,exports,schedprov.dll,MI_Main,a31544bd66c508f296c2cc6b07a0547d,f7ff9a1ded31763234e3fa568767208ada95034f452dafba3f69d475ac7c0c54,c:\Windows\WinSxS\amd64_microsoft-windows-t..eduler-ciminterface_31bf3856ad364e35_10.0.18362.1_none_5dab73499fd154b5\schedprov.dll
