SensorsNativeApi.dll,68680,3,788418090,1994-12-26T05:01:30.000Z,imports,msvcp_win.dll,?_Xlength_error@std@@YAXPEBD@Z,89764a88e082fb29a3cc2b80a4a5f078,a31d8018d941641f7e9aa054383a7403d2d40ba4c700f0cba9b19acf2a0311d4,c:\Windows\WinSxS\amd64_microsoft-windows-sensors-core_31bf3856ad364e35_10.0.18362.1_none_7caa9a1aca673769\SensorsNativeApi.dll
SensorsNativeApi.dll,68680,3,788418090,1994-12-26T05:01:30.000Z,imports,api-ms-win-crt-runtime-l1-1-0.dll,_initterm,89764a88e082fb29a3cc2b80a4a5f078,a31d8018d941641f7e9aa054383a7403d2d40ba4c700f0cba9b19acf2a0311d4,c:\Windows\WinSxS\amd64_microsoft-windows-sensors-core_31bf3856ad364e35_10.0.18362.1_none_7caa9a1aca673769\SensorsNativeApi.dll
SensorsNativeApi.dll,68680,3,788418090,1994-12-26T05:01:30.000Z,imports,api-ms-win-crt-runtime-l1-1-0.dll,_initterm_e,89764a88e082fb29a3cc2b80a4a5f078,a31d8018d941641f7e9aa054383a7403d2d40ba4c700f0cba9b19acf2a0311d4,c:\Windows\WinSxS\amd64_microsoft-windows-sensors-core_31bf3856ad364e35_10.0.18362.1_none_7caa9a1aca673769\SensorsNativeApi.dll
SensorsNativeApi.dll,68680,3,788418090,1994-12-26T05:01:30.000Z,imports,api-ms-win-crt-string-l1-1-0.dll,memset,89764a88e082fb29a3cc2b80a4a5f078,a31d8018d941641f7e9aa054383a7403d2d40ba4c700f0cba9b19acf2a0311d4,c:\Windows\WinSxS\amd64_microsoft-windows-sensors-core_31bf3856ad364e35_10.0.18362.1_none_7caa9a1aca673769\SensorsNativeApi.dll
SensorsNativeApi.dll,68680,3,788418090,1994-12-26T05:01:30.000Z,imports,api-ms-win-crt-private-l1-1-0.dll,_CxxThrowException,89764a88e082fb29a3cc2b80a4a5f078,a31d8018d941641f7e9aa054383a7403d2d40ba4c700f0cba9b19acf2a0311d4,c:\Windows\WinSxS\amd64_microsoft-windows-sensors-core_31bf3856ad364e35_10.0.18362.1_none_7caa9a1aca673769\SensorsNativeApi.dll
SensorsNativeApi.dll,68680,3,788418090,1994-12-26T05:01:30.000Z,imports,api-ms-win-crt-private-l1-1-0.dll,__C_specific_handler,89764a88e082fb29a3cc2b80a4a5f078,a31d8018d941641f7e9aa054383a7403d2d40ba4c700f0cba9b19acf2a0311d4,c:\Windows\WinSxS\amd64_microsoft-windows-sensors-core_31bf3856ad364e35_10.0.18362.1_none_7caa9a1aca673769\SensorsNativeApi.dll
SensorsNativeApi.dll,68680,3,788418090,1994-12-26T05:01:30.000Z,imports,api-ms-win-crt-private-l1-1-0.dll,__CxxFrameHandler3,89764a88e082fb29a3cc2b80a4a5f078,a31d8018d941641f7e9aa054383a7403d2d40ba4c700f0cba9b19acf2a0311d4,c:\Windows\WinSxS\amd64_microsoft-windows-sensors-core_31bf3856ad364e35_10.0.18362.1_none_7caa9a1aca673769\SensorsNativeApi.dll
SensorsNativeApi.dll,68680,3,788418090,1994-12-26T05:01:30.000Z,imports,api-ms-win-crt-private-l1-1-0.dll,__std_terminate,89764a88e082fb29a3cc2b80a4a5f078,a31d8018d941641f7e9aa054383a7403d2d40ba4c700f0cba9b19acf2a0311d4,c:\Windows\WinSxS\amd64_microsoft-windows-sensors-core_31bf3856ad364e35_10.0.18362.1_none_7caa9a1aca673769\SensorsNativeApi.dll
SensorsNativeApi.dll,68680,3,788418090,1994-12-26T05:01:30.000Z,imports,api-ms-win-crt-private-l1-1-0.dll,_o___std_exception_copy,89764a88e082fb29a3cc2b80a4a5f078,a31d8018d941641f7e9aa054383a7403d2d40ba4c700f0cba9b19acf2a0311d4,c:\Windows\WinSxS\amd64_microsoft-windows-sensors-core_31bf3856ad364e35_10.0.18362.1_none_7caa9a1aca673769\SensorsNativeApi.dll
SensorsNativeApi.dll,68680,3,788418090,1994-12-26T05:01:30.000Z,imports,api-ms-win-crt-private-l1-1-0.dll,_o___std_exception_destroy,89764a88e082fb29a3cc2b80a4a5f078,a31d8018d941641f7e9aa054383a7403d2d40ba4c700f0cba9b19acf2a0311d4,c:\Windows\WinSxS\amd64_microsoft-windows-sensors-core_31bf3856ad364e35_10.0.18362.1_none_7caa9a1aca673769\SensorsNativeApi.dll
SensorsNativeApi.dll,68680,3,788418090,1994-12-26T05:01:30.000Z,imports,api-ms-win-crt-private-l1-1-0.dll,_o___std_type_info_destroy_list,89764a88e082fb29a3cc2b80a4a5f078,a31d8018d941641f7e9aa054383a7403d2d40ba4c700f0cba9b19acf2a0311d4,c:\Windows\WinSxS\amd64_microsoft-windows-sensors-core_31bf3856ad364e35_10.0.18362.1_none_7caa9a1aca673769\SensorsNativeApi.dll
SensorsNativeApi.dll,68680,3,788418090,1994-12-26T05:01:30.000Z,imports,api-ms-win-crt-private-l1-1-0.dll,_o___stdio_common_vswprintf,89764a88e082fb29a3cc2b80a4a5f078,a31d8018d941641f7e9aa054383a7403d2d40ba4c700f0cba9b19acf2a0311d4,c:\Windows\WinSxS\amd64_microsoft-windows-sensors-core_31bf3856ad364e35_10.0.18362.1_none_7caa9a1aca673769\SensorsNativeApi.dll
SensorsNativeApi.dll,68680,3,788418090,1994-12-26T05:01:30.000Z,imports,api-ms-win-crt-private-l1-1-0.dll,_o___stdio_common_vswprintf_s,89764a88e082fb29a3cc2b80a4a5f078,a31d8018d941641f7e9aa054383a7403d2d40ba4c700f0cba9b19acf2a0311d4,c:\Windows\WinSxS\amd64_microsoft-windows-sensors-core_31bf3856ad364e35_10.0.18362.1_none_7caa9a1aca673769\SensorsNativeApi.dll
SensorsNativeApi.dll,68680,3,788418090,1994-12-26T05:01:30.000Z,imports,api-ms-win-crt-private-l1-1-0.dll,_o__callnewh,89764a88e082fb29a3cc2b80a4a5f078,a31d8018d941641f7e9aa054383a7403d2d40ba4c700f0cba9b19acf2a0311d4,c:\Windows\WinSxS\amd64_microsoft-windows-sensors-core_31bf3856ad364e35_10.0.18362.1_none_7caa9a1aca673769\SensorsNativeApi.dll
SensorsNativeApi.dll,68680,3,788418090,1994-12-26T05:01:30.000Z,imports,api-ms-win-crt-private-l1-1-0.dll,_o__cexit,89764a88e082fb29a3cc2b80a4a5f078,a31d8018d941641f7e9aa054383a7403d2d40ba4c700f0cba9b19acf2a0311d4,c:\Windows\WinSxS\amd64_microsoft-windows-sensors-core_31bf3856ad364e35_10.0.18362.1_none_7caa9a1aca673769\SensorsNativeApi.dll
SensorsNativeApi.dll,68680,3,788418090,1994-12-26T05:01:30.000Z,imports,api-ms-win-crt-private-l1-1-0.dll,_o__configure_narrow_argv,89764a88e082fb29a3cc2b80a4a5f078,a31d8018d941641f7e9aa054383a7403d2d40ba4c700f0cba9b19acf2a0311d4,c:\Windows\WinSxS\amd64_microsoft-windows-sensors-core_31bf3856ad364e35_10.0.18362.1_none_7caa9a1aca673769\SensorsNativeApi.dll
SensorsNativeApi.dll,68680,3,788418090,1994-12-26T05:01:30.000Z,imports,api-ms-win-crt-private-l1-1-0.dll,_o__execute_onexit_table,89764a88e082fb29a3cc2b80a4a5f078,a31d8018d941641f7e9aa054383a7403d2d40ba4c700f0cba9b19acf2a0311d4,c:\Windows\WinSxS\amd64_microsoft-windows-sensors-core_31bf3856ad364e35_10.0.18362.1_none_7caa9a1aca673769\SensorsNativeApi.dll
SensorsNativeApi.dll,68680,3,788418090,1994-12-26T05:01:30.000Z,imports,api-ms-win-crt-private-l1-1-0.dll,_o__initialize_narrow_environment,89764a88e082fb29a3cc2b80a4a5f078,a31d8018d941641f7e9aa054383a7403d2d40ba4c700f0cba9b19acf2a0311d4,c:\Windows\WinSxS\amd64_microsoft-windows-sensors-core_31bf3856ad364e35_10.0.18362.1_none_7caa9a1aca673769\SensorsNativeApi.dll
SensorsNativeApi.dll,68680,3,788418090,1994-12-26T05:01:30.000Z,imports,api-ms-win-crt-private-l1-1-0.dll,_o__initialize_onexit_table,89764a88e082fb29a3cc2b80a4a5f078,a31d8018d941641f7e9aa054383a7403d2d40ba4c700f0cba9b19acf2a0311d4,c:\Windows\WinSxS\amd64_microsoft-windows-sensors-core_31bf3856ad364e35_10.0.18362.1_none_7caa9a1aca673769\SensorsNativeApi.dll
SensorsNativeApi.dll,68680,3,788418090,1994-12-26T05:01:30.000Z,imports,api-ms-win-crt-private-l1-1-0.dll,_o__invalid_parameter_noinfo_noreturn,89764a88e082fb29a3cc2b80a4a5f078,a31d8018d941641f7e9aa054383a7403d2d40ba4c700f0cba9b19acf2a0311d4,c:\Windows\WinSxS\amd64_microsoft-windows-sensors-core_31bf3856ad364e35_10.0.18362.1_none_7caa9a1aca673769\SensorsNativeApi.dll
SensorsNativeApi.dll,68680,3,788418090,1994-12-26T05:01:30.000Z,imports,api-ms-win-crt-private-l1-1-0.dll,_o__purecall,89764a88e082fb29a3cc2b80a4a5f078,a31d8018d941641f7e9aa054383a7403d2d40ba4c700f0cba9b19acf2a0311d4,c:\Windows\WinSxS\amd64_microsoft-windows-sensors-core_31bf3856ad364e35_10.0.18362.1_none_7caa9a1aca673769\SensorsNativeApi.dll
SensorsNativeApi.dll,68680,3,788418090,1994-12-26T05:01:30.000Z,imports,api-ms-win-crt-private-l1-1-0.dll,_o__seh_filter_dll,89764a88e082fb29a3cc2b80a4a5f078,a31d8018d941641f7e9aa054383a7403d2d40ba4c700f0cba9b19acf2a0311d4,c:\Windows\WinSxS\amd64_microsoft-windows-sensors-core_31bf3856ad364e35_10.0.18362.1_none_7caa9a1aca673769\SensorsNativeApi.dll
SensorsNativeApi.dll,68680,3,788418090,1994-12-26T05:01:30.000Z,imports,api-ms-win-crt-private-l1-1-0.dll,_o__wcsdup,89764a88e082fb29a3cc2b80a4a5f078,a31d8018d941641f7e9aa054383a7403d2d40ba4c700f0cba9b19acf2a0311d4,c:\Windows\WinSxS\amd64_microsoft-windows-sensors-core_31bf3856ad364e35_10.0.18362.1_none_7caa9a1aca673769\SensorsNativeApi.dll
SensorsNativeApi.dll,68680,3,788418090,1994-12-26T05:01:30.000Z,imports,api-ms-win-crt-private-l1-1-0.dll,_o_free,89764a88e082fb29a3cc2b80a4a5f078,a31d8018d941641f7e9aa054383a7403d2d40ba4c700f0cba9b19acf2a0311d4,c:\Windows\WinSxS\amd64_microsoft-windows-sensors-core_31bf3856ad364e35_10.0.18362.1_none_7caa9a1aca673769\SensorsNativeApi.dll
SensorsNativeApi.dll,68680,3,788418090,1994-12-26T05:01:30.000Z,imports,api-ms-win-crt-private-l1-1-0.dll,_o_malloc,89764a88e082fb29a3cc2b80a4a5f078,a31d8018d941641f7e9aa054383a7403d2d40ba4c700f0cba9b19acf2a0311d4,c:\Windows\WinSxS\amd64_microsoft-windows-sensors-core_31bf3856ad364e35_10.0.18362.1_none_7caa9a1aca673769\SensorsNativeApi.dll
SensorsNativeApi.dll,68680,3,788418090,1994-12-26T05:01:30.000Z,imports,api-ms-win-crt-private-l1-1-0.dll,memcpy,89764a88e082fb29a3cc2b80a4a5f078,a31d8018d941641f7e9aa054383a7403d2d40ba4c700f0cba9b19acf2a0311d4,c:\Windows\WinSxS\amd64_microsoft-windows-sensors-core_31bf3856ad364e35_10.0.18362.1_none_7caa9a1aca673769\SensorsNativeApi.dll
SensorsNativeApi.dll,68680,3,788418090,1994-12-26T05:01:30.000Z,imports,api-ms-win-crt-private-l1-1-0.dll,memmove,89764a88e082fb29a3cc2b80a4a5f078,a31d8018d941641f7e9aa054383a7403d2d40ba4c700f0cba9b19acf2a0311d4,c:\Windows\WinSxS\amd64_microsoft-windows-sensors-core_31bf3856ad364e35_10.0.18362.1_none_7caa9a1aca673769\SensorsNativeApi.dll
SensorsNativeApi.dll,68680,3,788418090,1994-12-26T05:01:30.000Z,imports,api-ms-win-core-heap-l1-1-0.dll,GetProcessHeap,89764a88e082fb29a3cc2b80a4a5f078,a31d8018d941641f7e9aa054383a7403d2d40ba4c700f0cba9b19acf2a0311d4,c:\Windows\WinSxS\amd64_microsoft-windows-sensors-core_31bf3856ad364e35_10.0.18362.1_none_7caa9a1aca673769\SensorsNativeApi.dll
SensorsNativeApi.dll,68680,3,788418090,1994-12-26T05:01:30.000Z,imports,api-ms-win-core-heap-l1-1-0.dll,HeapAlloc,89764a88e082fb29a3cc2b80a4a5f078,a31d8018d941641f7e9aa054383a7403d2d40ba4c700f0cba9b19acf2a0311d4,c:\Windows\WinSxS\amd64_microsoft-windows-sensors-core_31bf3856ad364e35_10.0.18362.1_none_7caa9a1aca673769\SensorsNativeApi.dll
SensorsNativeApi.dll,68680,3,788418090,1994-12-26T05:01:30.000Z,imports,api-ms-win-core-heap-l1-1-0.dll,HeapFree,89764a88e082fb29a3cc2b80a4a5f078,a31d8018d941641f7e9aa054383a7403d2d40ba4c700f0cba9b19acf2a0311d4,c:\Windows\WinSxS\amd64_microsoft-windows-sensors-core_31bf3856ad364e35_10.0.18362.1_none_7caa9a1aca673769\SensorsNativeApi.dll
SensorsNativeApi.dll,68680,3,788418090,1994-12-26T05:01:30.000Z,imports,api-ms-win-core-errorhandling-l1-1-0.dll,GetLastError,89764a88e082fb29a3cc2b80a4a5f078,a31d8018d941641f7e9aa054383a7403d2d40ba4c700f0cba9b19acf2a0311d4,c:\Windows\WinSxS\amd64_microsoft-windows-sensors-core_31bf3856ad364e35_10.0.18362.1_none_7caa9a1aca673769\SensorsNativeApi.dll
SensorsNativeApi.dll,68680,3,788418090,1994-12-26T05:01:30.000Z,imports,api-ms-win-core-errorhandling-l1-1-0.dll,SetLastError,89764a88e082fb29a3cc2b80a4a5f078,a31d8018d941641f7e9aa054383a7403d2d40ba4c700f0cba9b19acf2a0311d4,c:\Windows\WinSxS\amd64_microsoft-windows-sensors-core_31bf3856ad364e35_10.0.18362.1_none_7caa9a1aca673769\SensorsNativeApi.dll
SensorsNativeApi.dll,68680,3,788418090,1994-12-26T05:01:30.000Z,imports,api-ms-win-core-errorhandling-l1-1-0.dll,SetUnhandledExceptionFilter,89764a88e082fb29a3cc2b80a4a5f078,a31d8018d941641f7e9aa054383a7403d2d40ba4c700f0cba9b19acf2a0311d4,c:\Windows\WinSxS\amd64_microsoft-windows-sensors-core_31bf3856ad364e35_10.0.18362.1_none_7caa9a1aca673769\SensorsNativeApi.dll
SensorsNativeApi.dll,68680,3,788418090,1994-12-26T05:01:30.000Z,imports,api-ms-win-core-errorhandling-l1-1-0.dll,UnhandledExceptionFilter,89764a88e082fb29a3cc2b80a4a5f078,a31d8018d941641f7e9aa054383a7403d2d40ba4c700f0cba9b19acf2a0311d4,c:\Windows\WinSxS\amd64_microsoft-windows-sensors-core_31bf3856ad364e35_10.0.18362.1_none_7caa9a1aca673769\SensorsNativeApi.dll
SensorsNativeApi.dll,68680,3,788418090,1994-12-26T05:01:30.000Z,imports,api-ms-win-core-synch-l1-1-0.dll,DeleteCriticalSection,89764a88e082fb29a3cc2b80a4a5f078,a31d8018d941641f7e9aa054383a7403d2d40ba4c700f0cba9b19acf2a0311d4,c:\Windows\WinSxS\amd64_microsoft-windows-sensors-core_31bf3856ad364e35_10.0.18362.1_none_7caa9a1aca673769\SensorsNativeApi.dll
SensorsNativeApi.dll,68680,3,788418090,1994-12-26T05:01:30.000Z,imports,api-ms-win-core-synch-l1-1-0.dll,EnterCriticalSection,89764a88e082fb29a3cc2b80a4a5f078,a31d8018d941641f7e9aa054383a7403d2d40ba4c700f0cba9b19acf2a0311d4,c:\Windows\WinSxS\amd64_microsoft-windows-sensors-core_31bf3856ad364e35_10.0.18362.1_none_7caa9a1aca673769\SensorsNativeApi.dll
SensorsNativeApi.dll,68680,3,788418090,1994-12-26T05:01:30.000Z,imports,api-ms-win-core-synch-l1-1-0.dll,InitializeCriticalSection,89764a88e082fb29a3cc2b80a4a5f078,a31d8018d941641f7e9aa054383a7403d2d40ba4c700f0cba9b19acf2a0311d4,c:\Windows\WinSxS\amd64_microsoft-windows-sensors-core_31bf3856ad364e35_10.0.18362.1_none_7caa9a1aca673769\SensorsNativeApi.dll
SensorsNativeApi.dll,68680,3,788418090,1994-12-26T05:01:30.000Z,imports,api-ms-win-core-synch-l1-1-0.dll,LeaveCriticalSection,89764a88e082fb29a3cc2b80a4a5f078,a31d8018d941641f7e9aa054383a7403d2d40ba4c700f0cba9b19acf2a0311d4,c:\Windows\WinSxS\amd64_microsoft-windows-sensors-core_31bf3856ad364e35_10.0.18362.1_none_7caa9a1aca673769\SensorsNativeApi.dll
SensorsNativeApi.dll,68680,3,788418090,1994-12-26T05:01:30.000Z,imports,api-ms-win-core-io-l1-1-0.dll,DeviceIoControl,89764a88e082fb29a3cc2b80a4a5f078,a31d8018d941641f7e9aa054383a7403d2d40ba4c700f0cba9b19acf2a0311d4,c:\Windows\WinSxS\amd64_microsoft-windows-sensors-core_31bf3856ad364e35_10.0.18362.1_none_7caa9a1aca673769\SensorsNativeApi.dll
SensorsNativeApi.dll,68680,3,788418090,1994-12-26T05:01:30.000Z,imports,api-ms-win-eventing-provider-l1-1-0.dll,EventRegister,89764a88e082fb29a3cc2b80a4a5f078,a31d8018d941641f7e9aa054383a7403d2d40ba4c700f0cba9b19acf2a0311d4,c:\Windows\WinSxS\amd64_microsoft-windows-sensors-core_31bf3856ad364e35_10.0.18362.1_none_7caa9a1aca673769\SensorsNativeApi.dll
SensorsNativeApi.dll,68680,3,788418090,1994-12-26T05:01:30.000Z,imports,api-ms-win-eventing-provider-l1-1-0.dll,EventSetInformation,89764a88e082fb29a3cc2b80a4a5f078,a31d8018d941641f7e9aa054383a7403d2d40ba4c700f0cba9b19acf2a0311d4,c:\Windows\WinSxS\amd64_microsoft-windows-sensors-core_31bf3856ad364e35_10.0.18362.1_none_7caa9a1aca673769\SensorsNativeApi.dll
SensorsNativeApi.dll,68680,3,788418090,1994-12-26T05:01:30.000Z,imports,api-ms-win-eventing-provider-l1-1-0.dll,EventUnregister,89764a88e082fb29a3cc2b80a4a5f078,a31d8018d941641f7e9aa054383a7403d2d40ba4c700f0cba9b19acf2a0311d4,c:\Windows\WinSxS\amd64_microsoft-windows-sensors-core_31bf3856ad364e35_10.0.18362.1_none_7caa9a1aca673769\SensorsNativeApi.dll
SensorsNativeApi.dll,68680,3,788418090,1994-12-26T05:01:30.000Z,imports,api-ms-win-eventing-provider-l1-1-0.dll,EventWriteTransfer,89764a88e082fb29a3cc2b80a4a5f078,a31d8018d941641f7e9aa054383a7403d2d40ba4c700f0cba9b19acf2a0311d4,c:\Windows\WinSxS\amd64_microsoft-windows-sensors-core_31bf3856ad364e35_10.0.18362.1_none_7caa9a1aca673769\SensorsNativeApi.dll
SensorsNativeApi.dll,68680,3,788418090,1994-12-26T05:01:30.000Z,imports,api-ms-win-core-debug-l1-1-0.dll,IsDebuggerPresent,89764a88e082fb29a3cc2b80a4a5f078,a31d8018d941641f7e9aa054383a7403d2d40ba4c700f0cba9b19acf2a0311d4,c:\Windows\WinSxS\amd64_microsoft-windows-sensors-core_31bf3856ad364e35_10.0.18362.1_none_7caa9a1aca673769\SensorsNativeApi.dll
SensorsNativeApi.dll,68680,3,788418090,1994-12-26T05:01:30.000Z,imports,api-ms-win-core-debug-l1-1-0.dll,OutputDebugStringW,89764a88e082fb29a3cc2b80a4a5f078,a31d8018d941641f7e9aa054383a7403d2d40ba4c700f0cba9b19acf2a0311d4,c:\Windows\WinSxS\amd64_microsoft-windows-sensors-core_31bf3856ad364e35_10.0.18362.1_none_7caa9a1aca673769\SensorsNativeApi.dll
SensorsNativeApi.dll,68680,3,788418090,1994-12-26T05:01:30.000Z,imports,api-ms-win-core-handle-l1-1-0.dll,CloseHandle,89764a88e082fb29a3cc2b80a4a5f078,a31d8018d941641f7e9aa054383a7403d2d40ba4c700f0cba9b19acf2a0311d4,c:\Windows\WinSxS\amd64_microsoft-windows-sensors-core_31bf3856ad364e35_10.0.18362.1_none_7caa9a1aca673769\SensorsNativeApi.dll
SensorsNativeApi.dll,68680,3,788418090,1994-12-26T05:01:30.000Z,imports,api-ms-win-core-libraryloader-l1-2-0.dll,FreeLibrary,89764a88e082fb29a3cc2b80a4a5f078,a31d8018d941641f7e9aa054383a7403d2d40ba4c700f0cba9b19acf2a0311d4,c:\Windows\WinSxS\amd64_microsoft-windows-sensors-core_31bf3856ad364e35_10.0.18362.1_none_7caa9a1aca673769\SensorsNativeApi.dll
SensorsNativeApi.dll,68680,3,788418090,1994-12-26T05:01:30.000Z,imports,api-ms-win-core-libraryloader-l1-2-0.dll,GetProcAddress,89764a88e082fb29a3cc2b80a4a5f078,a31d8018d941641f7e9aa054383a7403d2d40ba4c700f0cba9b19acf2a0311d4,c:\Windows\WinSxS\amd64_microsoft-windows-sensors-core_31bf3856ad364e35_10.0.18362.1_none_7caa9a1aca673769\SensorsNativeApi.dll
SensorsNativeApi.dll,68680,3,788418090,1994-12-26T05:01:30.000Z,imports,api-ms-win-core-libraryloader-l1-2-0.dll,LoadLibraryExW,89764a88e082fb29a3cc2b80a4a5f078,a31d8018d941641f7e9aa054383a7403d2d40ba4c700f0cba9b19acf2a0311d4,c:\Windows\WinSxS\amd64_microsoft-windows-sensors-core_31bf3856ad364e35_10.0.18362.1_none_7caa9a1aca673769\SensorsNativeApi.dll
SensorsNativeApi.dll,68680,3,788418090,1994-12-26T05:01:30.000Z,imports,api-ms-win-core-rtlsupport-l1-1-0.dll,RtlCaptureContext,89764a88e082fb29a3cc2b80a4a5f078,a31d8018d941641f7e9aa054383a7403d2d40ba4c700f0cba9b19acf2a0311d4,c:\Windows\WinSxS\amd64_microsoft-windows-sensors-core_31bf3856ad364e35_10.0.18362.1_none_7caa9a1aca673769\SensorsNativeApi.dll
SensorsNativeApi.dll,68680,3,788418090,1994-12-26T05:01:30.000Z,imports,api-ms-win-core-rtlsupport-l1-1-0.dll,RtlLookupFunctionEntry,89764a88e082fb29a3cc2b80a4a5f078,a31d8018d941641f7e9aa054383a7403d2d40ba4c700f0cba9b19acf2a0311d4,c:\Windows\WinSxS\amd64_microsoft-windows-sensors-core_31bf3856ad364e35_10.0.18362.1_none_7caa9a1aca673769\SensorsNativeApi.dll
SensorsNativeApi.dll,68680,3,788418090,1994-12-26T05:01:30.000Z,imports,api-ms-win-core-rtlsupport-l1-1-0.dll,RtlVirtualUnwind,89764a88e082fb29a3cc2b80a4a5f078,a31d8018d941641f7e9aa054383a7403d2d40ba4c700f0cba9b19acf2a0311d4,c:\Windows\WinSxS\amd64_microsoft-windows-sensors-core_31bf3856ad364e35_10.0.18362.1_none_7caa9a1aca673769\SensorsNativeApi.dll
SensorsNativeApi.dll,68680,3,788418090,1994-12-26T05:01:30.000Z,imports,api-ms-win-core-processthreads-l1-1-0.dll,GetCurrentProcess,89764a88e082fb29a3cc2b80a4a5f078,a31d8018d941641f7e9aa054383a7403d2d40ba4c700f0cba9b19acf2a0311d4,c:\Windows\WinSxS\amd64_microsoft-windows-sensors-core_31bf3856ad364e35_10.0.18362.1_none_7caa9a1aca673769\SensorsNativeApi.dll
SensorsNativeApi.dll,68680,3,788418090,1994-12-26T05:01:30.000Z,imports,api-ms-win-core-processthreads-l1-1-0.dll,GetCurrentProcessId,89764a88e082fb29a3cc2b80a4a5f078,a31d8018d941641f7e9aa054383a7403d2d40ba4c700f0cba9b19acf2a0311d4,c:\Windows\WinSxS\amd64_microsoft-windows-sensors-core_31bf3856ad364e35_10.0.18362.1_none_7caa9a1aca673769\SensorsNativeApi.dll
SensorsNativeApi.dll,68680,3,788418090,1994-12-26T05:01:30.000Z,imports,api-ms-win-core-processthreads-l1-1-0.dll,GetCurrentThreadId,89764a88e082fb29a3cc2b80a4a5f078,a31d8018d941641f7e9aa054383a7403d2d40ba4c700f0cba9b19acf2a0311d4,c:\Windows\WinSxS\amd64_microsoft-windows-sensors-core_31bf3856ad364e35_10.0.18362.1_none_7caa9a1aca673769\SensorsNativeApi.dll
SensorsNativeApi.dll,68680,3,788418090,1994-12-26T05:01:30.000Z,imports,api-ms-win-core-processthreads-l1-1-0.dll,TerminateProcess,89764a88e082fb29a3cc2b80a4a5f078,a31d8018d941641f7e9aa054383a7403d2d40ba4c700f0cba9b19acf2a0311d4,c:\Windows\WinSxS\amd64_microsoft-windows-sensors-core_31bf3856ad364e35_10.0.18362.1_none_7caa9a1aca673769\SensorsNativeApi.dll
SensorsNativeApi.dll,68680,3,788418090,1994-12-26T05:01:30.000Z,imports,api-ms-win-core-processthreads-l1-1-1.dll,IsProcessorFeaturePresent,89764a88e082fb29a3cc2b80a4a5f078,a31d8018d941641f7e9aa054383a7403d2d40ba4c700f0cba9b19acf2a0311d4,c:\Windows\WinSxS\amd64_microsoft-windows-sensors-core_31bf3856ad364e35_10.0.18362.1_none_7caa9a1aca673769\SensorsNativeApi.dll
SensorsNativeApi.dll,68680,3,788418090,1994-12-26T05:01:30.000Z,imports,api-ms-win-core-profile-l1-1-0.dll,QueryPerformanceCounter,89764a88e082fb29a3cc2b80a4a5f078,a31d8018d941641f7e9aa054383a7403d2d40ba4c700f0cba9b19acf2a0311d4,c:\Windows\WinSxS\amd64_microsoft-windows-sensors-core_31bf3856ad364e35_10.0.18362.1_none_7caa9a1aca673769\SensorsNativeApi.dll
SensorsNativeApi.dll,68680,3,788418090,1994-12-26T05:01:30.000Z,imports,api-ms-win-core-sysinfo-l1-1-0.dll,GetSystemTimeAsFileTime,89764a88e082fb29a3cc2b80a4a5f078,a31d8018d941641f7e9aa054383a7403d2d40ba4c700f0cba9b19acf2a0311d4,c:\Windows\WinSxS\amd64_microsoft-windows-sensors-core_31bf3856ad364e35_10.0.18362.1_none_7caa9a1aca673769\SensorsNativeApi.dll
SensorsNativeApi.dll,68680,3,788418090,1994-12-26T05:01:30.000Z,imports,api-ms-win-core-interlocked-l1-1-0.dll,InitializeSListHead,89764a88e082fb29a3cc2b80a4a5f078,a31d8018d941641f7e9aa054383a7403d2d40ba4c700f0cba9b19acf2a0311d4,c:\Windows\WinSxS\amd64_microsoft-windows-sensors-core_31bf3856ad364e35_10.0.18362.1_none_7caa9a1aca673769\SensorsNativeApi.dll
SensorsNativeApi.dll,68680,3,788418090,1994-12-26T05:01:30.000Z,imports,api-ms-win-core-com-l1-1-0.dll,CoCreateInstance,89764a88e082fb29a3cc2b80a4a5f078,a31d8018d941641f7e9aa054383a7403d2d40ba4c700f0cba9b19acf2a0311d4,c:\Windows\WinSxS\amd64_microsoft-windows-sensors-core_31bf3856ad364e35_10.0.18362.1_none_7caa9a1aca673769\SensorsNativeApi.dll
SensorsNativeApi.dll,68680,3,788418090,1994-12-26T05:01:30.000Z,imports,api-ms-win-core-heap-l2-1-0.dll,LocalAlloc,89764a88e082fb29a3cc2b80a4a5f078,a31d8018d941641f7e9aa054383a7403d2d40ba4c700f0cba9b19acf2a0311d4,c:\Windows\WinSxS\amd64_microsoft-windows-sensors-core_31bf3856ad364e35_10.0.18362.1_none_7caa9a1aca673769\SensorsNativeApi.dll
SensorsNativeApi.dll,68680,3,788418090,1994-12-26T05:01:30.000Z,imports,api-ms-win-core-heap-l2-1-0.dll,LocalFree,89764a88e082fb29a3cc2b80a4a5f078,a31d8018d941641f7e9aa054383a7403d2d40ba4c700f0cba9b19acf2a0311d4,c:\Windows\WinSxS\amd64_microsoft-windows-sensors-core_31bf3856ad364e35_10.0.18362.1_none_7caa9a1aca673769\SensorsNativeApi.dll
SensorsNativeApi.dll,68680,3,788418090,1994-12-26T05:01:30.000Z,imports,api-ms-win-core-file-l1-1-0.dll,CreateFileW,89764a88e082fb29a3cc2b80a4a5f078,a31d8018d941641f7e9aa054383a7403d2d40ba4c700f0cba9b19acf2a0311d4,c:\Windows\WinSxS\amd64_microsoft-windows-sensors-core_31bf3856ad364e35_10.0.18362.1_none_7caa9a1aca673769\SensorsNativeApi.dll
SensorsNativeApi.dll,68680,3,788418090,1994-12-26T05:01:30.000Z,imports,api-ms-win-core-delayload-l1-1-1.dll,ResolveDelayLoadedAPI,89764a88e082fb29a3cc2b80a4a5f078,a31d8018d941641f7e9aa054383a7403d2d40ba4c700f0cba9b19acf2a0311d4,c:\Windows\WinSxS\amd64_microsoft-windows-sensors-core_31bf3856ad364e35_10.0.18362.1_none_7caa9a1aca673769\SensorsNativeApi.dll
SensorsNativeApi.dll,68680,3,788418090,1994-12-26T05:01:30.000Z,imports,api-ms-win-core-delayload-l1-1-0.dll,DelayLoadFailureHook,89764a88e082fb29a3cc2b80a4a5f078,a31d8018d941641f7e9aa054383a7403d2d40ba4c700f0cba9b19acf2a0311d4,c:\Windows\WinSxS\amd64_microsoft-windows-sensors-core_31bf3856ad364e35_10.0.18362.1_none_7caa9a1aca673769\SensorsNativeApi.dll
SensorsNativeApi.dll,68680,3,788418090,1994-12-26T05:01:30.000Z,exports,SensorsNativeApi.dll,SensorGetDataFieldProperties,89764a88e082fb29a3cc2b80a4a5f078,a31d8018d941641f7e9aa054383a7403d2d40ba4c700f0cba9b19acf2a0311d4,c:\Windows\WinSxS\amd64_microsoft-windows-sensors-core_31bf3856ad364e35_10.0.18362.1_none_7caa9a1aca673769\SensorsNativeApi.dll
SensorsNativeApi.dll,68680,3,788418090,1994-12-26T05:01:30.000Z,exports,SensorsNativeApi.dll,DllMain,89764a88e082fb29a3cc2b80a4a5f078,a31d8018d941641f7e9aa054383a7403d2d40ba4c700f0cba9b19acf2a0311d4,c:\Windows\WinSxS\amd64_microsoft-windows-sensors-core_31bf3856ad364e35_10.0.18362.1_none_7caa9a1aca673769\SensorsNativeApi.dll
SensorsNativeApi.dll,68680,3,788418090,1994-12-26T05:01:30.000Z,exports,SensorsNativeApi.dll,SensorCancelHistoryRetrieval,89764a88e082fb29a3cc2b80a4a5f078,a31d8018d941641f7e9aa054383a7403d2d40ba4c700f0cba9b19acf2a0311d4,c:\Windows\WinSxS\amd64_microsoft-windows-sensors-core_31bf3856ad364e35_10.0.18362.1_none_7caa9a1aca673769\SensorsNativeApi.dll
SensorsNativeApi.dll,68680,3,788418090,1994-12-26T05:01:30.000Z,exports,SensorsNativeApi.dll,SensorClearHistory,89764a88e082fb29a3cc2b80a4a5f078,a31d8018d941641f7e9aa054383a7403d2d40ba4c700f0cba9b19acf2a0311d4,c:\Windows\WinSxS\amd64_microsoft-windows-sensors-core_31bf3856ad364e35_10.0.18362.1_none_7caa9a1aca673769\SensorsNativeApi.dll
SensorsNativeApi.dll,68680,3,788418090,1994-12-26T05:01:30.000Z,exports,SensorsNativeApi.dll,SensorClose,89764a88e082fb29a3cc2b80a4a5f078,a31d8018d941641f7e9aa054383a7403d2d40ba4c700f0cba9b19acf2a0311d4,c:\Windows\WinSxS\amd64_microsoft-windows-sensors-core_31bf3856ad364e35_10.0.18362.1_none_7caa9a1aca673769\SensorsNativeApi.dll
SensorsNativeApi.dll,68680,3,788418090,1994-12-26T05:01:30.000Z,exports,SensorsNativeApi.dll,SensorDetermineStackByPropertyStore,89764a88e082fb29a3cc2b80a4a5f078,a31d8018d941641f7e9aa054383a7403d2d40ba4c700f0cba9b19acf2a0311d4,c:\Windows\WinSxS\amd64_microsoft-windows-sensors-core_31bf3856ad364e35_10.0.18362.1_none_7caa9a1aca673769\SensorsNativeApi.dll
SensorsNativeApi.dll,68680,3,788418090,1994-12-26T05:01:30.000Z,exports,SensorsNativeApi.dll,SensorDeviceIoControl,89764a88e082fb29a3cc2b80a4a5f078,a31d8018d941641f7e9aa054383a7403d2d40ba4c700f0cba9b19acf2a0311d4,c:\Windows\WinSxS\amd64_microsoft-windows-sensors-core_31bf3856ad364e35_10.0.18362.1_none_7caa9a1aca673769\SensorsNativeApi.dll
SensorsNativeApi.dll,68680,3,788418090,1994-12-26T05:01:30.000Z,exports,SensorsNativeApi.dll,SensorDisableWake,89764a88e082fb29a3cc2b80a4a5f078,a31d8018d941641f7e9aa054383a7403d2d40ba4c700f0cba9b19acf2a0311d4,c:\Windows\WinSxS\amd64_microsoft-windows-sensors-core_31bf3856ad364e35_10.0.18362.1_none_7caa9a1aca673769\SensorsNativeApi.dll
SensorsNativeApi.dll,68680,3,788418090,1994-12-26T05:01:30.000Z,exports,SensorsNativeApi.dll,SensorEnableIdleOperation,89764a88e082fb29a3cc2b80a4a5f078,a31d8018d941641f7e9aa054383a7403d2d40ba4c700f0cba9b19acf2a0311d4,c:\Windows\WinSxS\amd64_microsoft-windows-sensors-core_31bf3856ad364e35_10.0.18362.1_none_7caa9a1aca673769\SensorsNativeApi.dll
SensorsNativeApi.dll,68680,3,788418090,1994-12-26T05:01:30.000Z,exports,SensorsNativeApi.dll,SensorEnableWake,89764a88e082fb29a3cc2b80a4a5f078,a31d8018d941641f7e9aa054383a7403d2d40ba4c700f0cba9b19acf2a0311d4,c:\Windows\WinSxS\amd64_microsoft-windows-sensors-core_31bf3856ad364e35_10.0.18362.1_none_7caa9a1aca673769\SensorsNativeApi.dll
SensorsNativeApi.dll,68680,3,788418090,1994-12-26T05:01:30.000Z,exports,SensorsNativeApi.dll,SensorGetAccData,89764a88e082fb29a3cc2b80a4a5f078,a31d8018d941641f7e9aa054383a7403d2d40ba4c700f0cba9b19acf2a0311d4,c:\Windows\WinSxS\amd64_microsoft-windows-sensors-core_31bf3856ad364e35_10.0.18362.1_none_7caa9a1aca673769\SensorsNativeApi.dll
SensorsNativeApi.dll,68680,3,788418090,1994-12-26T05:01:30.000Z,exports,SensorsNativeApi.dll,SensorGetAlsData,89764a88e082fb29a3cc2b80a4a5f078,a31d8018d941641f7e9aa054383a7403d2d40ba4c700f0cba9b19acf2a0311d4,c:\Windows\WinSxS\amd64_microsoft-windows-sensors-core_31bf3856ad364e35_10.0.18362.1_none_7caa9a1aca673769\SensorsNativeApi.dll
SensorsNativeApi.dll,68680,3,788418090,1994-12-26T05:01:30.000Z,exports,SensorsNativeApi.dll,SensorGetAlsDataWithColor,89764a88e082fb29a3cc2b80a4a5f078,a31d8018d941641f7e9aa054383a7403d2d40ba4c700f0cba9b19acf2a0311d4,c:\Windows\WinSxS\amd64_microsoft-windows-sensors-core_31bf3856ad364e35_10.0.18362.1_none_7caa9a1aca673769\SensorsNativeApi.dll
SensorsNativeApi.dll,68680,3,788418090,1994-12-26T05:01:30.000Z,exports,SensorsNativeApi.dll,SensorGetBarData,89764a88e082fb29a3cc2b80a4a5f078,a31d8018d941641f7e9aa054383a7403d2d40ba4c700f0cba9b19acf2a0311d4,c:\Windows\WinSxS\amd64_microsoft-windows-sensors-core_31bf3856ad364e35_10.0.18362.1_none_7caa9a1aca673769\SensorsNativeApi.dll
SensorsNativeApi.dll,68680,3,788418090,1994-12-26T05:01:30.000Z,exports,SensorsNativeApi.dll,SensorGetCapabilities,89764a88e082fb29a3cc2b80a4a5f078,a31d8018d941641f7e9aa054383a7403d2d40ba4c700f0cba9b19acf2a0311d4,c:\Windows\WinSxS\amd64_microsoft-windows-sensors-core_31bf3856ad364e35_10.0.18362.1_none_7caa9a1aca673769\SensorsNativeApi.dll
SensorsNativeApi.dll,68680,3,788418090,1994-12-26T05:01:30.000Z,exports,SensorsNativeApi.dll,SensorGetCapabilitiesCollection,89764a88e082fb29a3cc2b80a4a5f078,a31d8018d941641f7e9aa054383a7403d2d40ba4c700f0cba9b19acf2a0311d4,c:\Windows\WinSxS\amd64_microsoft-windows-sensors-core_31bf3856ad364e35_10.0.18362.1_none_7caa9a1aca673769\SensorsNativeApi.dll
SensorsNativeApi.dll,68680,3,788418090,1994-12-26T05:01:30.000Z,exports,SensorsNativeApi.dll,SensorGetCurrentReading,89764a88e082fb29a3cc2b80a4a5f078,a31d8018d941641f7e9aa054383a7403d2d40ba4c700f0cba9b19acf2a0311d4,c:\Windows\WinSxS\amd64_microsoft-windows-sensors-core_31bf3856ad364e35_10.0.18362.1_none_7caa9a1aca673769\SensorsNativeApi.dll
SensorsNativeApi.dll,68680,3,788418090,1994-12-26T05:01:30.000Z,exports,SensorsNativeApi.dll,SensorGetData,89764a88e082fb29a3cc2b80a4a5f078,a31d8018d941641f7e9aa054383a7403d2d40ba4c700f0cba9b19acf2a0311d4,c:\Windows\WinSxS\amd64_microsoft-windows-sensors-core_31bf3856ad364e35_10.0.18362.1_none_7caa9a1aca673769\SensorsNativeApi.dll
SensorsNativeApi.dll,68680,3,788418090,1994-12-26T05:01:30.000Z,exports,SensorsNativeApi.dll,SensorGetDataCollection,89764a88e082fb29a3cc2b80a4a5f078,a31d8018d941641f7e9aa054383a7403d2d40ba4c700f0cba9b19acf2a0311d4,c:\Windows\WinSxS\amd64_microsoft-windows-sensors-core_31bf3856ad364e35_10.0.18362.1_none_7caa9a1aca673769\SensorsNativeApi.dll
SensorsNativeApi.dll,68680,3,788418090,1994-12-26T05:01:30.000Z,exports,SensorsNativeApi.dll,SensorGetDataDeliveryMode,89764a88e082fb29a3cc2b80a4a5f078,a31d8018d941641f7e9aa054383a7403d2d40ba4c700f0cba9b19acf2a0311d4,c:\Windows\WinSxS\amd64_microsoft-windows-sensors-core_31bf3856ad364e35_10.0.18362.1_none_7caa9a1aca673769\SensorsNativeApi.dll
SensorsNativeApi.dll,68680,3,788418090,1994-12-26T05:01:30.000Z,exports,SensorsNativeApi.dll,SensorGetDefaultThresholds,89764a88e082fb29a3cc2b80a4a5f078,a31d8018d941641f7e9aa054383a7403d2d40ba4c700f0cba9b19acf2a0311d4,c:\Windows\WinSxS\amd64_microsoft-windows-sensors-core_31bf3856ad364e35_10.0.18362.1_none_7caa9a1aca673769\SensorsNativeApi.dll
SensorsNativeApi.dll,68680,3,788418090,1994-12-26T05:01:30.000Z,exports,SensorsNativeApi.dll,SensorGetDeviceId,89764a88e082fb29a3cc2b80a4a5f078,a31d8018d941641f7e9aa054383a7403d2d40ba4c700f0cba9b19acf2a0311d4,c:\Windows\WinSxS\amd64_microsoft-windows-sensors-core_31bf3856ad364e35_10.0.18362.1_none_7caa9a1aca673769\SensorsNativeApi.dll
SensorsNativeApi.dll,68680,3,788418090,1994-12-26T05:01:30.000Z,exports,SensorsNativeApi.dll,SensorGetFifoMaxSize,89764a88e082fb29a3cc2b80a4a5f078,a31d8018d941641f7e9aa054383a7403d2d40ba4c700f0cba9b19acf2a0311d4,c:\Windows\WinSxS\amd64_microsoft-windows-sensors-core_31bf3856ad364e35_10.0.18362.1_none_7caa9a1aca673769\SensorsNativeApi.dll
SensorsNativeApi.dll,68680,3,788418090,1994-12-26T05:01:30.000Z,exports,SensorsNativeApi.dll,SensorGetFusData,89764a88e082fb29a3cc2b80a4a5f078,a31d8018d941641f7e9aa054383a7403d2d40ba4c700f0cba9b19acf2a0311d4,c:\Windows\WinSxS\amd64_microsoft-windows-sensors-core_31bf3856ad364e35_10.0.18362.1_none_7caa9a1aca673769\SensorsNativeApi.dll
SensorsNativeApi.dll,68680,3,788418090,1994-12-26T05:01:30.000Z,exports,SensorsNativeApi.dll,SensorGetGyrData,89764a88e082fb29a3cc2b80a4a5f078,a31d8018d941641f7e9aa054383a7403d2d40ba4c700f0cba9b19acf2a0311d4,c:\Windows\WinSxS\amd64_microsoft-windows-sensors-core_31bf3856ad364e35_10.0.18362.1_none_7caa9a1aca673769\SensorsNativeApi.dll
SensorsNativeApi.dll,68680,3,788418090,1994-12-26T05:01:30.000Z,exports,SensorsNativeApi.dll,SensorGetHistory,89764a88e082fb29a3cc2b80a4a5f078,a31d8018d941641f7e9aa054383a7403d2d40ba4c700f0cba9b19acf2a0311d4,c:\Windows\WinSxS\amd64_microsoft-windows-sensors-core_31bf3856ad364e35_10.0.18362.1_none_7caa9a1aca673769\SensorsNativeApi.dll
SensorsNativeApi.dll,68680,3,788418090,1994-12-26T05:01:30.000Z,exports,SensorsNativeApi.dll,SensorGetMagData,89764a88e082fb29a3cc2b80a4a5f078,a31d8018d941641f7e9aa054383a7403d2d40ba4c700f0cba9b19acf2a0311d4,c:\Windows\WinSxS\amd64_microsoft-windows-sensors-core_31bf3856ad364e35_10.0.18362.1_none_7caa9a1aca673769\SensorsNativeApi.dll
SensorsNativeApi.dll,68680,3,788418090,1994-12-26T05:01:30.000Z,exports,SensorsNativeApi.dll,SensorGetProperties,89764a88e082fb29a3cc2b80a4a5f078,a31d8018d941641f7e9aa054383a7403d2d40ba4c700f0cba9b19acf2a0311d4,c:\Windows\WinSxS\amd64_microsoft-windows-sensors-core_31bf3856ad364e35_10.0.18362.1_none_7caa9a1aca673769\SensorsNativeApi.dll
SensorsNativeApi.dll,68680,3,788418090,1994-12-26T05:01:30.000Z,exports,SensorsNativeApi.dll,SensorGetPrxData,89764a88e082fb29a3cc2b80a4a5f078,a31d8018d941641f7e9aa054383a7403d2d40ba4c700f0cba9b19acf2a0311d4,c:\Windows\WinSxS\amd64_microsoft-windows-sensors-core_31bf3856ad364e35_10.0.18362.1_none_7caa9a1aca673769\SensorsNativeApi.dll
SensorsNativeApi.dll,68680,3,788418090,1994-12-26T05:01:30.000Z,exports,SensorsNativeApi.dll,SensorGetRangeResolution,89764a88e082fb29a3cc2b80a4a5f078,a31d8018d941641f7e9aa054383a7403d2d40ba4c700f0cba9b19acf2a0311d4,c:\Windows\WinSxS\amd64_microsoft-windows-sensors-core_31bf3856ad364e35_10.0.18362.1_none_7caa9a1aca673769\SensorsNativeApi.dll
SensorsNativeApi.dll,68680,3,788418090,1994-12-26T05:01:30.000Z,exports,SensorsNativeApi.dll,SensorGetSupportedDataFields,89764a88e082fb29a3cc2b80a4a5f078,a31d8018d941641f7e9aa054383a7403d2d40ba4c700f0cba9b19acf2a0311d4,c:\Windows\WinSxS\amd64_microsoft-windows-sensors-core_31bf3856ad364e35_10.0.18362.1_none_7caa9a1aca673769\SensorsNativeApi.dll
SensorsNativeApi.dll,68680,3,788418090,1994-12-26T05:01:30.000Z,exports,SensorsNativeApi.dll,SensorGetThresholds,89764a88e082fb29a3cc2b80a4a5f078,a31d8018d941641f7e9aa054383a7403d2d40ba4c700f0cba9b19acf2a0311d4,c:\Windows\WinSxS\amd64_microsoft-windows-sensors-core_31bf3856ad364e35_10.0.18362.1_none_7caa9a1aca673769\SensorsNativeApi.dll
SensorsNativeApi.dll,68680,3,788418090,1994-12-26T05:01:30.000Z,exports,SensorsNativeApi.dll,SensorGetTypeFromInterfacePath,89764a88e082fb29a3cc2b80a4a5f078,a31d8018d941641f7e9aa054383a7403d2d40ba4c700f0cba9b19acf2a0311d4,c:\Windows\WinSxS\amd64_microsoft-windows-sensors-core_31bf3856ad364e35_10.0.18362.1_none_7caa9a1aca673769\SensorsNativeApi.dll
SensorsNativeApi.dll,68680,3,788418090,1994-12-26T05:01:30.000Z,exports,SensorsNativeApi.dll,SensorIsWakeEnabled,89764a88e082fb29a3cc2b80a4a5f078,a31d8018d941641f7e9aa054383a7403d2d40ba4c700f0cba9b19acf2a0311d4,c:\Windows\WinSxS\amd64_microsoft-windows-sensors-core_31bf3856ad364e35_10.0.18362.1_none_7caa9a1aca673769\SensorsNativeApi.dll
SensorsNativeApi.dll,68680,3,788418090,1994-12-26T05:01:30.000Z,exports,SensorsNativeApi.dll,SensorNotificationConfigure,89764a88e082fb29a3cc2b80a4a5f078,a31d8018d941641f7e9aa054383a7403d2d40ba4c700f0cba9b19acf2a0311d4,c:\Windows\WinSxS\amd64_microsoft-windows-sensors-core_31bf3856ad364e35_10.0.18362.1_none_7caa9a1aca673769\SensorsNativeApi.dll
SensorsNativeApi.dll,68680,3,788418090,1994-12-26T05:01:30.000Z,exports,SensorsNativeApi.dll,SensorNotificationStart,89764a88e082fb29a3cc2b80a4a5f078,a31d8018d941641f7e9aa054383a7403d2d40ba4c700f0cba9b19acf2a0311d4,c:\Windows\WinSxS\amd64_microsoft-windows-sensors-core_31bf3856ad364e35_10.0.18362.1_none_7caa9a1aca673769\SensorsNativeApi.dll
SensorsNativeApi.dll,68680,3,788418090,1994-12-26T05:01:30.000Z,exports,SensorsNativeApi.dll,SensorNotificationStop,89764a88e082fb29a3cc2b80a4a5f078,a31d8018d941641f7e9aa054383a7403d2d40ba4c700f0cba9b19acf2a0311d4,c:\Windows\WinSxS\amd64_microsoft-windows-sensors-core_31bf3856ad364e35_10.0.18362.1_none_7caa9a1aca673769\SensorsNativeApi.dll
SensorsNativeApi.dll,68680,3,788418090,1994-12-26T05:01:30.000Z,exports,SensorsNativeApi.dll,SensorOpen,89764a88e082fb29a3cc2b80a4a5f078,a31d8018d941641f7e9aa054383a7403d2d40ba4c700f0cba9b19acf2a0311d4,c:\Windows\WinSxS\amd64_microsoft-windows-sensors-core_31bf3856ad364e35_10.0.18362.1_none_7caa9a1aca673769\SensorsNativeApi.dll
SensorsNativeApi.dll,68680,3,788418090,1994-12-26T05:01:30.000Z,exports,SensorsNativeApi.dll,SensorOpenByInterface,89764a88e082fb29a3cc2b80a4a5f078,a31d8018d941641f7e9aa054383a7403d2d40ba4c700f0cba9b19acf2a0311d4,c:\Windows\WinSxS\amd64_microsoft-windows-sensors-core_31bf3856ad364e35_10.0.18362.1_none_7caa9a1aca673769\SensorsNativeApi.dll
SensorsNativeApi.dll,68680,3,788418090,1994-12-26T05:01:30.000Z,exports,SensorsNativeApi.dll,SensorOpenByType,89764a88e082fb29a3cc2b80a4a5f078,a31d8018d941641f7e9aa054383a7403d2d40ba4c700f0cba9b19acf2a0311d4,c:\Windows\WinSxS\amd64_microsoft-windows-sensors-core_31bf3856ad364e35_10.0.18362.1_none_7caa9a1aca673769\SensorsNativeApi.dll
SensorsNativeApi.dll,68680,3,788418090,1994-12-26T05:01:30.000Z,exports,SensorsNativeApi.dll,SensorRegisterEvent,89764a88e082fb29a3cc2b80a4a5f078,a31d8018d941641f7e9aa054383a7403d2d40ba4c700f0cba9b19acf2a0311d4,c:\Windows\WinSxS\amd64_microsoft-windows-sensors-core_31bf3856ad364e35_10.0.18362.1_none_7caa9a1aca673769\SensorsNativeApi.dll
SensorsNativeApi.dll,68680,3,788418090,1994-12-26T05:01:30.000Z,exports,SensorsNativeApi.dll,SensorSelectBestDevice,89764a88e082fb29a3cc2b80a4a5f078,a31d8018d941641f7e9aa054383a7403d2d40ba4c700f0cba9b19acf2a0311d4,c:\Windows\WinSxS\amd64_microsoft-windows-sensors-core_31bf3856ad364e35_10.0.18362.1_none_7caa9a1aca673769\SensorsNativeApi.dll
SensorsNativeApi.dll,68680,3,788418090,1994-12-26T05:01:30.000Z,exports,SensorsNativeApi.dll,SensorSetAccThresholds,89764a88e082fb29a3cc2b80a4a5f078,a31d8018d941641f7e9aa054383a7403d2d40ba4c700f0cba9b19acf2a0311d4,c:\Windows\WinSxS\amd64_microsoft-windows-sensors-core_31bf3856ad364e35_10.0.18362.1_none_7caa9a1aca673769\SensorsNativeApi.dll
SensorsNativeApi.dll,68680,3,788418090,1994-12-26T05:01:30.000Z,exports,SensorsNativeApi.dll,SensorSetAlsThresholds,89764a88e082fb29a3cc2b80a4a5f078,a31d8018d941641f7e9aa054383a7403d2d40ba4c700f0cba9b19acf2a0311d4,c:\Windows\WinSxS\amd64_microsoft-windows-sensors-core_31bf3856ad364e35_10.0.18362.1_none_7caa9a1aca673769\SensorsNativeApi.dll
SensorsNativeApi.dll,68680,3,788418090,1994-12-26T05:01:30.000Z,exports,SensorsNativeApi.dll,SensorSetAlsWithColorThresholds,89764a88e082fb29a3cc2b80a4a5f078,a31d8018d941641f7e9aa054383a7403d2d40ba4c700f0cba9b19acf2a0311d4,c:\Windows\WinSxS\amd64_microsoft-windows-sensors-core_31bf3856ad364e35_10.0.18362.1_none_7caa9a1aca673769\SensorsNativeApi.dll
SensorsNativeApi.dll,68680,3,788418090,1994-12-26T05:01:30.000Z,exports,SensorsNativeApi.dll,SensorSetBarThresholds,89764a88e082fb29a3cc2b80a4a5f078,a31d8018d941641f7e9aa054383a7403d2d40ba4c700f0cba9b19acf2a0311d4,c:\Windows\WinSxS\amd64_microsoft-windows-sensors-core_31bf3856ad364e35_10.0.18362.1_none_7caa9a1aca673769\SensorsNativeApi.dll
SensorsNativeApi.dll,68680,3,788418090,1994-12-26T05:01:30.000Z,exports,SensorsNativeApi.dll,SensorSetDataDeliveryMode,89764a88e082fb29a3cc2b80a4a5f078,a31d8018d941641f7e9aa054383a7403d2d40ba4c700f0cba9b19acf2a0311d4,c:\Windows\WinSxS\amd64_microsoft-windows-sensors-core_31bf3856ad364e35_10.0.18362.1_none_7caa9a1aca673769\SensorsNativeApi.dll
SensorsNativeApi.dll,68680,3,788418090,1994-12-26T05:01:30.000Z,exports,SensorsNativeApi.dll,SensorSetDataInterval,89764a88e082fb29a3cc2b80a4a5f078,a31d8018d941641f7e9aa054383a7403d2d40ba4c700f0cba9b19acf2a0311d4,c:\Windows\WinSxS\amd64_microsoft-windows-sensors-core_31bf3856ad364e35_10.0.18362.1_none_7caa9a1aca673769\SensorsNativeApi.dll
SensorsNativeApi.dll,68680,3,788418090,1994-12-26T05:01:30.000Z,exports,SensorsNativeApi.dll,SensorSetFusThresholds,89764a88e082fb29a3cc2b80a4a5f078,a31d8018d941641f7e9aa054383a7403d2d40ba4c700f0cba9b19acf2a0311d4,c:\Windows\WinSxS\amd64_microsoft-windows-sensors-core_31bf3856ad364e35_10.0.18362.1_none_7caa9a1aca673769\SensorsNativeApi.dll
SensorsNativeApi.dll,68680,3,788418090,1994-12-26T05:01:30.000Z,exports,SensorsNativeApi.dll,SensorSetGyrThresholds,89764a88e082fb29a3cc2b80a4a5f078,a31d8018d941641f7e9aa054383a7403d2d40ba4c700f0cba9b19acf2a0311d4,c:\Windows\WinSxS\amd64_microsoft-windows-sensors-core_31bf3856ad364e35_10.0.18362.1_none_7caa9a1aca673769\SensorsNativeApi.dll
SensorsNativeApi.dll,68680,3,788418090,1994-12-26T05:01:30.000Z,exports,SensorsNativeApi.dll,SensorSetMagThresholds,89764a88e082fb29a3cc2b80a4a5f078,a31d8018d941641f7e9aa054383a7403d2d40ba4c700f0cba9b19acf2a0311d4,c:\Windows\WinSxS\amd64_microsoft-windows-sensors-core_31bf3856ad364e35_10.0.18362.1_none_7caa9a1aca673769\SensorsNativeApi.dll
SensorsNativeApi.dll,68680,3,788418090,1994-12-26T05:01:30.000Z,exports,SensorsNativeApi.dll,SensorSetRangeResolution,89764a88e082fb29a3cc2b80a4a5f078,a31d8018d941641f7e9aa054383a7403d2d40ba4c700f0cba9b19acf2a0311d4,c:\Windows\WinSxS\amd64_microsoft-windows-sensors-core_31bf3856ad364e35_10.0.18362.1_none_7caa9a1aca673769\SensorsNativeApi.dll
SensorsNativeApi.dll,68680,3,788418090,1994-12-26T05:01:30.000Z,exports,SensorsNativeApi.dll,SensorSetReportLatency,89764a88e082fb29a3cc2b80a4a5f078,a31d8018d941641f7e9aa054383a7403d2d40ba4c700f0cba9b19acf2a0311d4,c:\Windows\WinSxS\amd64_microsoft-windows-sensors-core_31bf3856ad364e35_10.0.18362.1_none_7caa9a1aca673769\SensorsNativeApi.dll
SensorsNativeApi.dll,68680,3,788418090,1994-12-26T05:01:30.000Z,exports,SensorsNativeApi.dll,SensorSetThresholds,89764a88e082fb29a3cc2b80a4a5f078,a31d8018d941641f7e9aa054383a7403d2d40ba4c700f0cba9b19acf2a0311d4,c:\Windows\WinSxS\amd64_microsoft-windows-sensors-core_31bf3856ad364e35_10.0.18362.1_none_7caa9a1aca673769\SensorsNativeApi.dll
SensorsNativeApi.dll,68680,3,788418090,1994-12-26T05:01:30.000Z,exports,SensorsNativeApi.dll,SensorStart,89764a88e082fb29a3cc2b80a4a5f078,a31d8018d941641f7e9aa054383a7403d2d40ba4c700f0cba9b19acf2a0311d4,c:\Windows\WinSxS\amd64_microsoft-windows-sensors-core_31bf3856ad364e35_10.0.18362.1_none_7caa9a1aca673769\SensorsNativeApi.dll
SensorsNativeApi.dll,68680,3,788418090,1994-12-26T05:01:30.000Z,exports,SensorsNativeApi.dll,SensorStartCollection,89764a88e082fb29a3cc2b80a4a5f078,a31d8018d941641f7e9aa054383a7403d2d40ba4c700f0cba9b19acf2a0311d4,c:\Windows\WinSxS\amd64_microsoft-windows-sensors-core_31bf3856ad364e35_10.0.18362.1_none_7caa9a1aca673769\SensorsNativeApi.dll
SensorsNativeApi.dll,68680,3,788418090,1994-12-26T05:01:30.000Z,exports,SensorsNativeApi.dll,SensorStartHistory,89764a88e082fb29a3cc2b80a4a5f078,a31d8018d941641f7e9aa054383a7403d2d40ba4c700f0cba9b19acf2a0311d4,c:\Windows\WinSxS\amd64_microsoft-windows-sensors-core_31bf3856ad364e35_10.0.18362.1_none_7caa9a1aca673769\SensorsNativeApi.dll
SensorsNativeApi.dll,68680,3,788418090,1994-12-26T05:01:30.000Z,exports,SensorsNativeApi.dll,SensorStop,89764a88e082fb29a3cc2b80a4a5f078,a31d8018d941641f7e9aa054383a7403d2d40ba4c700f0cba9b19acf2a0311d4,c:\Windows\WinSxS\amd64_microsoft-windows-sensors-core_31bf3856ad364e35_10.0.18362.1_none_7caa9a1aca673769\SensorsNativeApi.dll
SensorsNativeApi.dll,68680,3,788418090,1994-12-26T05:01:30.000Z,exports,SensorsNativeApi.dll,SensorStopHistory,89764a88e082fb29a3cc2b80a4a5f078,a31d8018d941641f7e9aa054383a7403d2d40ba4c700f0cba9b19acf2a0311d4,c:\Windows\WinSxS\amd64_microsoft-windows-sensors-core_31bf3856ad364e35_10.0.18362.1_none_7caa9a1aca673769\SensorsNativeApi.dll
SensorsNativeApi.dll,68680,3,788418090,1994-12-26T05:01:30.000Z,exports,SensorsNativeApi.dll,SensorUnregisterEvent,89764a88e082fb29a3cc2b80a4a5f078,a31d8018d941641f7e9aa054383a7403d2d40ba4c700f0cba9b19acf2a0311d4,c:\Windows\WinSxS\amd64_microsoft-windows-sensors-core_31bf3856ad364e35_10.0.18362.1_none_7caa9a1aca673769\SensorsNativeApi.dll
